,0
0,_-gHCEypqwVNlkzTWfgI_w
1,UisT9M4vbDeh2N3PtWQGkg
2,WFKzYTALlXqXRpI4ANsixA
3,mfkK5e2JgvQrQAzROa_eqw
4,SC7INlXxR362yDVuq8XukA
5,HJvzoX9SeNJA4TWFVUIohg
6,4ToPo-f-SK8vbrDGUjjMeQ
7,g1_5F4zoKZ_jbqXL1tb0Kg
8,hS3phsfoP-fAZVlMomx4Kg
9,ND8zhyVnqrOTtfeKAE1Y3g
10,wDxQwe4_VstGA_gzyyrY9g
11,PCIPw8ID3_1qqSenJwGlfw
12,uVqRwksNpFvzDcINh8OdFQ
13,fXZXRs1F6Rt6RG8XRNZ0CA
14,CSqytZ7zZDhM22Pl6393YA
15,fbUKFqVZkm7QcrS-D_oRLw
16,xFCP-CVVykFSO16yWw5e6Q
17,mzPElclmGc_pMaohhYS6ng
18,EUA2-TFs09u3W9EEoXeW6g
19,zAwJQ6RWsqv8UBgmj-j-nw
20,tpnHidlk9c_Edbz2rW6uWA
21,8z7WQ-lW65_X2riuknD9Iw
22,hKGLYY1mYKLAC8XdY8BawQ
23,4vz2M0Xj18CfvWYHGwPBPQ
24,Wna-OioV2q_MZ_hyMl1YBw
25,DEJBFqcLrTn5tcTisMO2fg
26,PUxMLxe2nwJ57ZYa_JrilA
27,nFXQ5OxdpKrNp72j79EWuQ
28,3Ca3DCa99FJZ0hoRhbo3RQ
29,S0KqImldejQ6P9smvSD3Mw
30,vxOBVUS6HVeVo2PRgyVu5Q
31,EK1IzMI79YpDy6h7zxsNVw
32,E6lbO7Nddtr36kojGFhfWQ
33,s_iyCxYW-50nl8ZnIIU3xA
34,dXYFo9bK3kjsotHacvHTpA
35,7tENJVXzZcK_5SNiVzIE1w
36,lt8SCaNEoGjDtNUd56q4ug
37,etU66Jec-RaFaKX_kS-5aw
38,8LDNhjNZfCi4aG07LLIUbQ
39,qTK8duK8uJ3k1OgUv8XIpA
40,y_17FYS0pb6vpDlmcn9oKQ
41,A_CVNy2gjuQcSmzxjWwx-w
42,BfZMPTbcV3pJ4dc2GQVqcg
43,Ye38k8cWAn0F-CtkMSnYsw
44,mlCDV8ZDb5TxYWLTlYbyKQ
45,ovn77rwfVy7SC18kAIx0zA
46,uJ--UVsC3tBtitHQWYR5qw
47,rgE5mVpDI12N_PGbfthxQg
48,u9Qjb4R6lZ-HSrpguJTHSA
49,qiIv0B5ZQFjc9_WOK5X2Hg
50,dOheI_SVP_CYbgJVBu6KNA
51,Cy_3D3l3QlZ1VjglwI6lDQ
52,AqS5US_2-UALfw8v0npT-A
53,EDLnZMKVeDo7XXSk9w9ccg
54,XIWVz13sBJbBaVFD3h8vDw
55,b75oQp24JMaav0_JNh9Lpw
56,ybxiI1tOA0VQu0kd_Jx4Qw
57,pMzBAoUD3BUj-E_BO7d1Gw
58,vSWi_7K6lA7Z-eZsIGgvsQ
59,3UjiB9L6IAxWNNYEIGhbqg
60,7BuUQOS8iEnVO4zS3Ppbzw
61,VTymwYT5HYwFCA43KJVSRg
62,05WTC9x5I4DqDx_aImy86w
63,A2ExKpvy3yd7Wgi6dI5ILw
64,r56Of_mlIqMaWmgkKzW-Cw
65,m6I2DBekNccqe-LH_nXCtQ
66,u635MRoSlvqq8CEgqHWfUQ
67,q5Nqa2YyH7-_ho4z0jIBfA
68,e0-Or-5DI370TeC2KwJ5nQ
69,JZHt-DTr1Q29Yv6HLbjqCw
70,knIxAB2W-F_-jJnHQE1_aA
71,y5-fJP1-M2lkxLKsU3O7dg
72,pZa5whug_bcUqB9bRF8b-A
73,60tUL1JjST6LWC17_8Ho-Q
74,tUYXYileJrCbQn04s95ZVA
75,pcE9YRT0CT_X2rW4KOFUiw
76,sO-T5EWNliRjAy4T-pFdKw
77,PufMcB052Xv3BHG2jJfVfQ
78,Gk3oiI-_d-_HvA4MsX1g2Q
79,n-Srxzy5OjpZfzkVUg2IlA
80,aOTGXBYr1kvUN2IvA2swsQ
81,CaBEuv0VA2UW3bh4ea9tww
82,QxZeQvALHAKSbY9eXPkx8w
83,u9vGmoIBRidBCEUWkIlSzg
84,GTXLTL4jOrxqjcgK6PdgAw
85,BJSyPM-LtMII3scJS-HpTQ
86,XhbUKmDifDKjHFbCgNqoWQ
87,tdI4ucFjMl93cQX8Y2-zJQ
88,eRiPo6BfPraFdtIt9Y7OSg
89,NWxngvPUusEZj3JTKClcaQ
90,ixWheMTFjt5tVz2_EAZ9fw
91,OFUjZ4xB853R-8VuE3cnNw
92,JGQf-Llu4GXabSqF7dHr3Q
93,f1UKgWkSr_YKffTEwH6RbA
94,ZRy-_GQNUFI8_WZ6CwJXXA
95,M0GUufrbR1lq7Gq3zwgIJA
96,bPsQ9uRKkkKuyn8s8fWtdw
97,bfrBJywO1NCfSxNDvxDEZQ
98,MpMywCuPz-5D4UmWP6cT5w
99,kF3R8Z8F7x4rEtJMqM5YSg
100,U-i6cq-yFRVJC4pIKSLX9Q
101,gMSCtM6SCUF-bp3Ypw8Jxg
102,viqkunBBI6QOIZehME-7gg
103,cgONshBaun3xCVyrT_bSIw
104,WkN8Z2Q8gbhjjkCt8cDVxg
105,yNRCLu9ESXu9M9R-nO_fEQ
106,eG-UO83g_5zDk70FIJbm2w
107,r0JxdG5StcD8eiHF9u01ZQ
108,GJxFtnTqTiokFedNrW9iDQ
109,OD97PIrms4dSxVbdT1T7Bw
110,EmJOkTKIwgm7QJbls7hN3w
111,uO4A77jXMPfZmlbf_52zRw
112,z9oCxeqOKp2QMfM24m7bUw
113,LyizNBLFLB4Qkx_0_8_BaQ
114,ixer_k1KbAQATNtv3HFMiQ
115,BSUDAiXd50PAkfFAztVpDw
116,JfgsCMKJOCMg1O2iK4ObWA
117,bAybZImsqUwinMrzZlzVIQ
118,7Z-_gjvhLDmxYtaJTwow0w
119,u-4wti774tFcYRLuQrnHEg
120,5enPbMFK_ZAtoVzlU0dtFg
121,jx0yeEipLwhKDlwWcyGt9Q
122,1q3u0GmFKRKPV_ikCiCbUw
123,7895YHS5qGu03R-C6aYg9g
124,DTALvZKBJH8XVAKfcQseYQ
125,vgUv079XkNbWOtBf3tYKnw
126,JtIt-VshqofckWkbBG6cRA
127,eqFA5BJ5NDjZ4TaUXJazfg
128,SuA90sXOd6Jw9W_Bz6P1RA
129,57d0Gmx4JKuKQWyJYu0yfg
130,eMJGDVzTH7mbGNWIfz6jcQ
131,ApwmEiStq9aP9-Tf2xfVtA
132,tDv2qG4N7PsYLN0QYuuaZQ
133,7O7qSDSVwudKkhoIqhoNwQ
134,_2LfhO4Mqa-owUtSFgSblA
135,1VAX8KygRWcloSuv5x5o5A
136,dfL1KYHtcs6YaFVx-nZTdQ
137,0qJXSTFBnNoh5lMD3LgE0Q
138,QW3anlt1nJ9aNkdQAV-Ifw
139,COgw5a3B_fwmN0BbZObJwg
140,bSmQbw5A-WA0TtmFc1NTpQ
141,jbKI2uM4nrRIlBT2sMX3MQ
142,4sHHbZz19H4-kwrAL1Vwmw
143,MurRZhxMFipelvK2zzHRaw
144,_IFMCrheTi12RqiR7jvJUg
145,Z2qMwUhnGt_2pA9uQbS7Uw
146,trfQCzNmAgfQLSFUb_6vbA
147,4fzjAjzLCnjWfQP1sOHiwA
148,a5akxlhWpAF4OiQcAPZTnw
149,HdOxf-muJnhpBaV_8J65tg
150,1wrgQ6azxZnQ1hWTbSGkAA
151,lW-emnalZBxbV2sSUXVwXg
152,-7ScHJN65rGdAA5i_ReQwA
153,44wuJiutlWE8-1jWvaLj-g
154,gmAQWgbZHxzQf6FL2I0JKw
155,hrDsExRdl7_dnt_Etq6ZvA
156,Nx0SDUv_UMXJMn-FxW1pjw
157,klzR9aO3XPurHizWZaHZlw
158,yXMlmlAJzF7OURR2De9c_A
159,QLCtOHk8QFfGJpB0mR7ftg
160,WSY1KvrDbLTIEIEShmSUlw
161,cCuDHmJs5i0h88M3okMuoA
162,czKX21oB538rvMAzLN9kSQ
163,joCkD9-qKe69f6QbnQRv8w
164,j5jmWIdCzikr0brzxStEdg
165,vlyp4bxkQ7mRle1KO9XeAA
166,ADPeLiKt6j266zEDtp4VLw
167,ILcFlbFj3EVfrr6Ur8cIQg
168,swpiLtfzkH5doKkL5exRsQ
169,Sosb8PBZupZFCEHAq_F2tw
170,IGvh8QfJjFecc3toQAQTHw
171,AH2zlaLwRPto86kieTm30Q
172,kiY6xW7OV20FLSSpJ7leUQ
173,nXGOt24daDXjvEp93Xf7KQ
174,mfO1UzeoGHbtQ_jVklAXnw
175,yssstXfslsj_6aeFxr7H5w
176,xvf6XjTxFxJIfZigql4XFQ
177,uqyOzybM1w7dFpUmT_afBA
178,L_2GNk1yKaOAsi5abrDUMg
179,C2c49MJNkKh7cZQlhq2Wqg
180,q-yUgO55wiXcJJ8YAo8kqg
181,gZIxP_LS6XPxQ3wurhVvOg
182,#NAME?
183,6XcGrIF7gQZzAh9CirCYdw
184,VmmJcppyzuMcFT0GaxC_Pw
185,7ImVm2G6ykrRnF7FSCXJcg
186,SwC18BrqH0UwTmhAGEy4Lw
187,eITxxLb2ht0UVc54qn3OoA
188,woQ0RM20qloqG4a5KfNvww
189,6iNsptkQVVCltG7gnNJAQg
190,2S2d--a3Qi8mVDjp6cs9fQ
191,WHBzb9NLDCAJNTjzxJOlhw
192,pU-VTT1Shke6FJQ7mwjPdg
193,U03yV13irngrPbLWvmTPIg
194,5gV60LNUnH4nEq_4AhOA9w
195,BWrC0oEmlXwvmP0m-ORU0Q
196,Ji4pITR7MNweCdK6ToCaog
197,mO6lm9z4gd0I_aMdVqEiMQ
198,ChXeq5xKZeAhZyLQifCSyw
199,2Vuhv2uaF73n8VxwNh_OxA
200,AcFt364BrHyMu3VrSCKMOw
201,cs6HfZNykLVitm09jWFqWg
202,MGzro82Fi4LYvc86acoONQ
203,v1UzkU8lEWdjxq8byWFOKg
204,KEh3efWSOIzd8BvuW-X4-g
205,YZs1gNSh_sN8JmN_nrpxeA
206,PrWSjn4a8o4dHoqKs53GBA
207,KYr5xhJZ4_7Dzm1wIrW__w
208,KJuHFlqhapJb8tVWCe8MNg
209,Rba9Ol4jnTiov6_iAuoF5g
210,nXtn29mTWlYeHxvHSz4dfA
211,UiiIGT4lbFQhuFIiI1P7DA
212,Wn8j-1-ity6hdjP4bC_wkw
213,zZIWHmITwqaC8OhnPkjEIQ
214,NaRmhh_q5X3NNcrHK4HKRQ
215,AsYbCd5d7TtIZEWIL5VhOw
216,1hJEqPHe65oJmO6scIKvKA
217,pCNH6bRbyAR7vhaIKoFCxQ
218,jREzLrIEkc4jQKLfYMJ0gg
219,PvsrQOlk1T6reEzpXzRmCw
220,iuy7Wk41ZlSzk2DhNv0ymQ
221,uPWJtYJi76EniU0xrX-zbA
222,5ufHVEdJNPypB4v_UhUUUQ
223,He2KYtXXfaIR0nkCXH5xiQ
224,bZiIIUcpgxh8mpKMDhdqbA
225,wB1qckz9iC0aq5XuWRmCIA
226,oug5bLTWP_YTtj1C3_X6Xw
227,JW3SkLOUfGhcVQGosoozUA
228,h9JTj7NrcdJLC_pYqxruqQ
229,kCdONcIH6Fz5Gz3TmBWdTw
230,KK-6rXbIo9B4-b_P5WO5Qg
231,ui77NOh5_RY-hlrJzZ11Yw
232,uwFa-pTQL1Rv4nULoIraNw
233,Qmq4gr5Mmo2oIVejag48PA
234,EPkf96UcG2W3ttlQphWUGQ
235,kS9kFxQ41e45z7O3kXKRhA
236,blciQ1v3kP8wodDodFUe3A
237,f5P9ufNH5mJz9BWj-sl8pw
238,9e5lIroM6Eyd4aS26pWWEQ
239,AqhAJk1OyupIaYjg0JpZlA
240,t2fvNsYiHZ0uuO_O2vClPQ
241,XOo0oa5sXCZGjKXapIN95w
242,wApAjLkqBJ5sehzPovtEyQ
243,lx_ml9N0Bi8g2AJW1itfeA
244,DzrgzDDKSpACYWW3yKSt7A
245,JW1gWHsnL1ClKpBOzGEu-w
246,28RuK9yoG0k0LLGM7fqKQQ
247,Wq0VZz_DnlOuEnhZml2DYg
248,Z5Oc3lC-NAhbmfVfRnwSzQ
249,yd6dmLkbX1Ycmy3VcDVzng
250,4M8gWfjUwIwNC6-zAbE2rg
251,Rl-25xz3vhOMu1CbyMajrA
252,Uui1QR-Nq_OG4giOXHC59A
253,b4Q294ktC6nur8uoz4t0Vw
254,QImn4Ge5qVmiDYwQX72ZGA
255,n-HwtvIHbogu2iCsOc5MQA
256,BKsuEGW6IZ79ZDOr9CWfnQ
257,EgIuM5TO-suKNTaVrQAfvA
258,p0dRWDcvF7wxfusFAX05eg
259,7hz5gyJA3eQ1MCvWRcNFFQ
260,v6lTg0knb7JLv-MqRE_EVQ
261,jnANQZcwbPYwuZzgjry6sg
262,j23WAA_FsDWHWrxRbvVIdg
263,HOXNkb-MoWgTPcu7Z4fpSg
264,rNi8iOb-AOSCA6tXD0YTtQ
265,Udx8JDt5KdB8VXz0suid-g
266,UkQKHF8yuXZCl5mfXBMgMA
267,sqazVXa7v-56ZkQfv7jfeg
268,e1DE7eZOBrZbjmIVz6rnjg
269,P1VolbeS_K9mY1FfcvQVrQ
270,6tpbAFRJWi9AjavAkCqxDg
271,o1DAq0L4kAlFl8kaQYqVWA
272,ICnnqlMmGK4bcNwI36urfw
273,qF24OJfPbs23okHXQeKIWg
274,QfS6BpeYyenJVezRXCSR7w
275,nYhPo-qTOiQJA4pK9uMRVg
276,XEtKDbPluprQvZlnWhlygQ
277,GuoPnkZj8te2W28bJhHrJg
278,o5ZJ1YPs6T4jjKZsafuklQ
279,rp3dRlJHrx0C1uQGBn4CAA
280,A13QnNpqk0BZykqXtbCyKA
281,fDQMsKR1S8Uhmfzccjr9Uw
282,3PoVzTnZFhoUdDtLEDNclw
283,o-XSC2Y7zlL8CnKs-90a8A
284,VoNOd21hf-9Iiie4qnBVzw
285,9P_Z4QOoxwUk20DE8FQNaA
286,sEIyb9_EJzF2w464ZRWapg
287,8wKf6IHhilN0GQUUFws4cw
288,mci_Z8gxUc2nrKxJbtTEIA
289,j8OXnler47O9TrITWcOY8Q
290,XR-j4sSRNPL_Bor2TqxiHQ
291,UZhHY5yMbjA9fwZCQDvYKQ
292,PLxHivIoLXRqh_EI60YmsA
293,znbWX3j0DKs11NVTHVZNHA
294,k7KmT9Do-U3H9u-aNUHptA
295,PJFzqFo-67wCuFFQdID-IQ
296,kYT0WRCL5CWydb-O2R2Gug
297,y8clOMjkPuYGS7MzLp67EA
298,F5kYTePRUwTS9zDLtvuWeA
299,2Kwn9yYVDW9DmuBK9V30TA
300,vRHiP3AVN2i1kFi1pgcgrw
301,vAUGZEzzSm5RipU3PD6jbg
302,ndyrglhXOOIDbaUUYPo9Bw
303,i49Q-RojupP-PO8NPLYpmQ
304,xscU0YxzsAi0J6QMr_pIRw
305,drylmXVA3gwyaiwoIIdMeg
306,j5hV0_1p0-xnpXMPX3ITZw
307,zG41FAGduzYd2mNmK3GO7A
308,vYx0uoT3R9EjySaQ9HUIZQ
309,5l-ezPBMKaAB3WOZ-7AnPQ
310,98mFMxS-s4EXtev53LQUeQ
311,By9nDt5RbISprzTQFaj9Cg
312,U3oU0FMdPwUAa06sKwRRXA
313,vrBoL5IpnhtUShbM2mKWxA
314,4hoDPA3Wh7QLVlusziE8Yg
315,R0m2l78x6O2abJnwmdzVsA
316,L50Tj5_s9Tqd9lGbw-tgng
317,49CTUKDt_7gniwtUIUn4ZA
318,9To69hdc6LndXuThahnDvw
319,O_OmUw1Amat0PymSxxtmFA
320,nR1fwgedhV7M7sFj1SBimw
321,_1LL3wxodfDr_X_Bb2fgvQ
322,DuG-I8sKAYSESF3zCz5dZQ
323,HMiQfWLftantO0zmhz8GkA
324,gStGigsWGZh8pBqvB6CjrQ
325,M4IYPuGy8aeuSDSMFQ5blg
326,iJ0rV_SsTXOxfCY8_cJvuA
327,gPpWdq_CGA7Etu_yhT1Jqg
328,kswwc19rXaEmLmhbM5ZGRA
329,a0kb4VuedaQbVTP8QrHOxA
330,YQnhPiV9hfXm3NpT0h_V9A
331,wbgQYZgFa_v538leiwj6kg
332,ybzEYqN7weu9A5RbBdcPnA
333,ey4O3v2XhjiejW6YpIisCQ
334,Tyj8CBZj7XhUJFNFrIJikQ
335,raIbRT6bLIOb9toRbCKE0Q
336,StfhZsOrWnPiqI_5IWysdg
337,43e_L9e6WcSgFPe94zJbgg
338,3MSjtJpXxeGXhgiOOQoVNA
339,cGhLP108Jjp9HksddiKT-g
340,NGFkH7NYW1qp8zfm8gyggg
341,uurOm5jpDEgf_5fAYZHGXg
342,8Q4AwHGR80ijOfUqMm4W5w
343,hxpD4_Hv0Gy8UOFAVlVPyw
344,ATRwCYhvNcG5EmZ8Dur7MQ
345,DFj5jtXr9G3MmtS3vZfmQg
346,_e9QwBAPTfMpVAlkBxspXw
347,EXpmD7WTBo5ajGgEqhvIXg
348,7Ylccv2uyJIK9LwKWGCOIg
349,kz7faZUMHBl9ReGJzzOXuA
350,jbJTF1zVmZsk4hea8hoeVA
351,yEVRdb-9sBqzRiPC5BxwWw
352,-0jzoPt3UeXn6FUXVQvyPg
353,w_4xUt-1AyY2ZwKtnjW0Xg
354,rqaIe-61HKlWaGYmVwlw8Q
355,I-Kn6FzE4wqX4CF3dUa7cw
356,kK-pcrXr3CEnWP-ci7XXgw
357,vl2jDU7-FU9wftxc3iC_sw
358,CKvSbAq9M6vPqVVlx1qlGw
359,OQEPBVyxCNgMqqit4PlcUw
360,Ww9FIzWJTwiN6Vlh_RdoNA
361,A_AEG20YPuVW7Ao7gkHicg
362,3SM8CZuY5MiAruczCm556w
363,8PydwFenDDgKgV768QwgEg
364,GaqcV1K44cTmrtOGYBmrpw
365,qmaI4o8RQC1SF9VsxY4VFw
366,Pkg4NA3NilK3Z-_uM0AKTg
367,#NAME?
368,kvOorg6F1gnbPmlTtjunsg
369,deekBOsX4tKZMect5l4pfg
370,Ps8KgiyJhPqhkjWBklPimg
371,Cb6tGAb2wcFYOg8WvT5X2w
372,kTyqFy9rxxhfsFagIpEAig
373,uoP-KzE_rH16Uq03-iu66g
374,9xOXtVsQxb81rTXLz9T1HQ
375,OqysWiDpJJbeZpmk5QOdgA
376,315NxMEwvz085WAQ1R-D3g
377,jE29lzOBKz7Fwkdec6-Abw
378,xArHBES2aOKasqgbxXOGxQ
379,1LLXrKlTbnKGVLvJQ72Xpw
380,ZM9EQa_wvrcwTwS_E5giMw
381,snTpO07JxjGhwJbE4RDFIA
382,KJuskPXc4XFTto92HPz1aw
383,3X2pmXKqaMQ6xZjJHlKn8w
384,34UYYxLV_lAxHYNnV3GXAg
385,k66N-4OusE74AAbUR9L1Tg
386,ISi5h2zA_tCTW5jGJQyjmg
387,L_EVdc2xdI6VSIH9LIXOig
388,pGRl61t6HcvqvvRz0Shr7Q
389,Ke5jJVsItlAf2qHAHKbQ8g
390,P_XUt3xD-KItQBqBKCiRGw
391,zSDqW5cZq9Bg7O9vMpJ6Tg
392,qgott66PgfZhxt9fpstGiA
393,UQ9zn4jcjkTDOw0OwIOaxQ
394,EGeRMPws0Gaq1EK3iingkg
395,VcXXDz9dsm9klG1uK3R0tw
396,CvXuklDLTDi14PbNAPvW1g
397,B_ULY8xaOEx4PZxauoSmow
398,nP4oASaVyGV-FWkxE-zmEw
399,VUKhLVz4X4zVS5wwjAxQjg
400,kP1b-7BO_VhWk_0tvuA_tw
401,t_FFcwUutj9mIYKGw_gHsQ
402,2u_w3rthRzR2uEihW5BC4A
403,y2w6rFaO0XEiG5mFfOsiFA
404,nyy38msunExaObJOeH7j0Q
405,VnuD2cojPTWd3nIHQjnL8w
406,i6uHrxuS1D_6V8WhaWLy5A
407,7_q1IsPoR25clSoigtGmeg
408,xZ22_0eJOgaiKqIhoSHrPw
409,sA2gVTJOBH7Qk32p48ENdQ
410,yBIN7uSzd5saehWA1I_GBw
411,AGR_kBvN__I7aTl0rBywAg
412,lCMN0raxlHnBFDoLgkz4sw
413,NYa-JphaaB41ElGsb3iawA
414,mP1EdIafQKMuOm9O4PzAfA
415,tKRg7pxR2Sw7aSrHTQS5mQ
416,5TsjdwNt10gxGChQtGGpdg
417,72PQGMhrEcIuWH-S44TprA
418,87f7kR7nTz8WHnmtLM_S6w
419,u51e3gychuqBYNqe2xG6_w
420,P9AJqEYOT--zGRfK7QQlmQ
421,uXOVFQraz1va1TrtgiqYTg
422,9BmP5aQyuvbT-xwpcej1Yw
423,h4Un3Tw0yKn7uCLseO7Bvg
424,rdpY_LeMnDnfeK47eDnDOw
425,4lMpwHFzxmirHqLSsj8BjQ
426,PUZSvR-nEHlhEi0gSADu7w
427,jIxhHWqxKd5ZWBIEmsFxWQ
428,m1ertlgQIxAl74D7nCsvbQ
429,sqr1T-KLQ7ED49SlAEx49w
430,q5HPp961WsjoVDaOmN8SwQ
431,l4YpEuvIm_RqNXleuDIthw
432,gfok4Hsdqt6wSqJhY2QM6g
433,LCFZDAaLRpmaidikraTWiw
434,8a_P_6kYaIM2HdOEd0xzmg
435,vOU6JZoat7fvleg0JooaBQ
436,nIS4O-TwLYkA_P1Cu0SfhA
437,_muVoNc4H_H_557WJvVWWQ
438,GwwX5JjuOVpw0ZlBvCqEOg
439,BzDlLJ9uSFV5HCOkGcumUQ
440,5HMXgD_gui5n0Tc_hadesg
441,DbwbOeat2lCqFIjmZQeZDA
442,Q8g68ZDAt93h_n_wTbwshA
443,ScslTjcxi4ubXOBiLfCOmg
444,1C32E52HmhRC3GNwkX2nZg
445,VDmV3tPEQqFxzqQJRJazNw
446,poswq7BdLM9Iryd9palDVQ
447,ooaCl61BsK7kJlZnYOq0UQ
448,WoI1IisL_AgmWdiJLRb-Zw
449,bZhUufqdpg5qxsDKpIRv5A
450,QwFgTG5PUHR5c9OOJ97tPQ
451,Yjt1iNfCeSqdYE176ggVaA
452,yRKvn3eGDVVX-Yj4ypInmA
453,lFxuJLsM_K9w3h7F7C0isA
454,aqqf7UmKTzQgdLpFR07Ydw
455,FXJKyKg43HcY1tuFpIWvxg
456,1rzqkf5kaKr89lwMSnvXJA
457,0VjjSckZU6KJLbhGxo0xfA
458,oPN1ogZfgBCG16hk_JLE_w
459,7ESpcYu3d0dW5ceT5hd7ew
460,LMLMWUozrb7LGXuQ_eMWBA
461,6u1rtY0Bgo2bb9TotmQ7Wg
462,_0cK2zUpdGvaLL9bHe0sNw
463,8Iwbf3wtQYjRaTXd80s4UQ
464,Y8h8ocIHSUqmFgKDrcxrcA
465,hv1ipee14nVu9s2-vaTzDg
466,WFq3-Ib432_jFjKwBllpNA
467,cXknNz7IvXv6GIXT-UbICA
468,9BQxd0RI3b1tX4qkGF8crA
469,dq2NXISpZHpJ73izdRdIjQ
470,SE3L1fsW60ofmsMRCFHSjg
471,d6E6mdlFebnrJiuclZjtIA
472,oEB5ybUNEk4GajFL-iPe7g
473,fP7SEf22NR_8sRPstF7aEg
474,NSzoexNhKCQDLG-sRbTPZw
475,L9wi7VL8P3lZchNzftL8ng
476,yXzjmHmNOXlX3c6_kgXbNA
477,5jEOyuMuD5k1x6dIoLh0tQ
478,zIpW7rXcdMEbYhnFo-ULqQ
479,zTTYVPIPtajci56d_AXPfg
480,4KDF_8mxZ2qfBA8PnkVaJw
481,UM4Y060CK3gXZfW9bboXRg
482,OAFEF_uHyt184yIxG3faew
483,he2IqizqbO0xjX_NUTi6LA
484,4EbqoreQlUZ1s4ujg6GfXw
485,_QuGcPrCJQqDB2y12u0sQw
486,ZJJbotI6b_IRNb_M6TihSA
487,K2TuTcVHNL-OCNAJIhCxrg
488,VXMhAG8yugyyu8dv6ygvyw
489,bdBSio26xSCIeIels5NFgA
490,Ah06UHytljE_BvNN3JJIfQ
491,ZHSlFiv-Jrgnx_VQMisYQw
492,axjmfJ8gPxIy_i9H9mZZpQ
493,1DVV9jd1spr3qZ1tONto2A
494,#NAME?
495,afiQcHPkrr3pq6sfPW1h0w
496,#NAME?
497,QXh8pb92MSlYC45PJe4aMA
498,mnWp3N_C3LtyyG5ffzH4KQ
499,eH07GmlO9WvdF36v0WsRrw
500,nE1tMHoYh9wRt9XmguyxpQ
501,dDKffemM7UJjLII0YGrYkg
502,AkjKISCsqAVLJYITn5Z3HQ
503,OJ3mj9U3TygEfmkR5hBgvQ
504,GJ-inOmAuyDWwPOAXxTIjw
505,jAhVCnTUG_uCBKEZMKmtUQ
506,GblwMfgJ_x-rHNkesiVcIg
507,V5PK2V8EEPZo8TVq5IQB-A
508,29AtYAkowBseZC-QxveU4A
509,On08eGBpolwEAmzb3RhPig
510,I7Fi_wqtG5_vlcCyBKM1kg
511,juXGu5-0wfoc6M5ZV4LNnw
512,PwyW0gdeRSRTOvD0afqU1g
513,80BxVkzPKdtCYsc1bPYpGw
514,4ShcB54-Vr5nY-8fs6Wm0A
515,J6Cbn68qVR3e9vxl6Zj45Q
516,60tb-5Wt6g6jnzBx3x0zFQ
517,PgkW5mQ9nC1mQfktXY6-BA
518,ejq3eWMaxWPPaSzvzOlZMA
519,JCApb2btzns-k_2SEJsI1w
520,lYySX-RMqvVAkKVGxReURQ
521,SFXVs6uS_azRBWywdaGrQQ
522,E69KcJ-uxBc9dVtOdUG5uQ
523,lrzeYIQ6QKfb9ONfAxKUhw
524,qv-q8ELbaGS-y0Dt41Oh0Q
525,OV60h09WlG-b-UqUY-d3Jg
526,0oPFXYMbFXSnB2gHmISZNQ
527,tmstANftld25lyDP0E3rlg
528,54v6ND4weOzJuXhtXDh31Q
529,5wRwHZ9-C5vUBJ9qPF1CBQ
530,sUgDuS2O4blqSnMkorvQyg
531,OAAQYFkDqwAPPsBvcLZwaQ
532,UnvC4-nJmsfHxFqts58NPQ
533,q5YwLdMvjpIXu8QMwM8x6A
534,i0A-bgAKpGO-7bma_T4wJA
535,tEu3bcU6JpfLLChwlME-8A
536,TpGYtm9C6T6UlJ9Rm93oWg
537,X5wOukW2oN6GY7ZK5iLtHQ
538,Py3t2uKNwTKDtHTSHg_Wdw
539,jFQw9WuqwsiZfW1NWrVVPw
540,8Qh9MhPNu01m-n49TuL4mw
541,tRisyX5ufz2IF77_J8Xogw
542,az92A1hVpXGHCsvGgw9FQg
543,45Z1eovYLzBZnY3ctAPPjw
544,kh6IrKzVTB7GKq747E4GIQ
545,Bo6ejGZM7Ep6f8IYCCccaA
546,PbgBBjZ11qJzWfm_oixCtg
547,Lg0s8BQDDcF38XRHMa9KNQ
548,ehSWIl4sVJDueK7p4jkP1Q
549,1ZnQfXqeM6x04SPS24kO3g
550,CP9JJ3kNemhf68yvmMAIPw
551,P_QaAqN3LxigIJnnSXDrIg
552,_VkLnTgtjI3WIriMkziExg
553,hdPfPhvZyYdlf5ayAh-u9Q
554,onnGwMOa7iNW8BU9H8kglQ
555,aDp4NFT-zBha9kE-FF5CIA
556,QUCe-wFlVEVTHYNuNPQhhQ
557,q843t8rrBWT5GxxX0I3QXw
558,vYQw180dVmgBzjDjTbGIjQ
559,lssGDv_HebR6xwunzDgnOw
560,bdFs6gKk2BcE6MpVxHReXg
561,AVJDa95uFFnJIR7Noicj9A
562,f3CdyU_Fy5VF1M6Ut1JVNg
563,vUvhgM7VbhtA65Ijj_nDFg
564,o5RPQaIqbNbXHsoSzUz_oA
565,E3j2dhvtoek7MAmN8zrd1A
566,tPyOowzRLGRGaNDvOhqDUA
567,r-XGh44wvZfAKne30cKNtA
568,g2QZujgLjXxLs8E393MSIA
569,yknOu5aYzwAOnG4F_BjT9Q
570,5mMO9dlcqAVXOgAdt7x0hQ
571,NqNhe0-l6ETiIwdVqW6Qgg
572,XWdBUUHT3gv9UQ06aT2pcQ
573,yri8j7S0nd40HsjyA9wKcA
574,0MZINPeT-DaTBY-3VO0iqA
575,0YAuHHIgbBiXITaV_OBIpQ
576,YBZtCJ-M3yE1cnppftywnw
577,o_AOnEp1p_KLFCy1Nm4ZzA
578,_LABLc_wPsVbJcjFq8cbSA
579,gNeJPBxO3eqWmyHP8U7ikg
580,eq4OQWTfsmUy-XbmbVudUQ
581,9-YUbBNydedxYN88VcufIw
582,WNHG3TEDmY2prg6z7eQ5tA
583,Cw8nfuaMYZN7_na0zGS-sQ
584,X3bnMBpPlopNZYJIbcvw0Q
585,MIXRu3zYakAoes2pYL0_Nw
586,Yk3z8rShFezGG0c67dH8QQ
587,rZ0dquxqMsj2zbncEVhk6g
588,sGo8AL8V4hb00KdGRt8gwA
589,S2PTg48C17V18-sQgcEg5g
590,9BVPKdpZRBlOyo5aIL_SoA
591,EvR0CpQfC4Fq-d2BajbLpg
592,MCECR-Z_imInVHgP2WCPRQ
593,o7ui6uKR3oedlDVyHtDUpw
594,l6UY1Z__os43azBV0D8c9A
595,uGDbTUaLvvTwYI2QUIgJfg
596,HsiFxmMTsf0QDG0zDeU-aQ
597,K2KYPsiIPb5UQ7_PQ0UTIA
598,s4ckytCixcG1Zrk0riFhTw
599,AtpV0A9M_-zBTBAcMRGlJA
600,zLyJEHWhUZypq7d3E7-3kw
601,4SOMk0j5DgPPtusrvx_Jug
602,LrGITAFdAtV8wq4R7R840g
603,IwVNg0T8Ii528UzAnbW4Rg
604,VOdXUEoz3idDcFKD6uzFnQ
605,1sBt2kXjacS9qI1BRmra3g
606,lX49Jh7lLvEXMdPTqMCK5w
607,8i71VG1VtpREBTG2-skkIw
608,6bIEXou6iTr0ZZqKUNgRhQ
609,QUH1TFOJFn6pM2Ds60_uew
610,TyKyoOC_NLoD32UQbHtM5g
611,dcori9gJbrnFP5n72oGLug
612,PUd3b4fnXN0x_hJL0jh-gw
613,eebnXj_-RnL9eXHBHeNkqw
614,z_SIgALi0YcAHekYVfeV3A
615,nB8agK8i7L6tM3aTp8BiPQ
616,4y2qtpfCW1BE6ralbIRFLg
617,p3LRQ9cH3_fCy_zCF2EyMw
618,52iVP3N3sPiU66pMWTK1Xg
619,VJwOSUmF6LiEOkOsCR20OQ
620,Amytl1_BtbW61V75wLOetg
621,eTF-w_v9zRX4PKIC3HrRUw
622,ibO0vP1Oi-4HyK61xU7xkQ
623,TJJ5uR2q5DcVM0ByxCVpXg
624,AYhTSWoDf42FEPowgrJTMw
625,WDUeTIJ_QzYHV6azZ3Uvcg
626,AlWapcK2jJ3D0xQz__4O7g
627,8Q6DutQ-9j5SSovEFoPHzg
628,xQ1y6b81WIUDl16EY7hvgg
629,hYtOl7O6zu16BReZMFW1nA
630,AWIONDQa_RtvdI-w2t1hew
631,1cxQ4J_6hZM0ngG0THE7sQ
632,#NAME?
633,tFjG4hBCcYwegqMeuQerZQ
634,moU5n8uhPz1jXFJ1Bq8zMg
635,1EzTLA8RLbRF4rxvjV0r8g
636,w17R_1tkul4uTxt6aD8lGg
637,#NAME?
638,rjl8tZ0g6ei86zosES5eXA
639,AK318f02oIZIixfs061-hg
640,8cDYKZ-xi5y4-1VfwRluOA
641,Q1tbBhmeBKzec8QP6L0TtQ
642,1Xzfx2AsOgRoMCmBlhqAbQ
643,Gcv8I6ajTF9K4Z2QpZExDg
644,e4aavY6oZc4icWiDxTO3Bg
645,FEL--Hc_j256INU6Pkx5CA
646,RixJZOgJ3uLQCXVG4gaBVw
647,VvzNbVmSqfG1_fCXmAepPw
648,b0Hj3F-BpwF9WzBbWA1yFA
649,2cVWGz40CP5dn_Vl8pfINg
650,VDRxcURnCB9zGNcxjuPv6Q
651,aMnEQU-ScktwvEZS5yXojw
652,qh9GPo8OJa4kxJyZEQkWIQ
653,o4kF_b-ChUzozUsfZ-eO4w
654,V25xzPlcNAtnTi_xzQvr9g
655,czwHHApQJpKcSAPDyxkRig
656,8ecYpIUorkAoa5hoR1CjRQ
657,gLpl15CqEZOL7xARMjqMGQ
658,vecuat0jOia-CJveW3ngDw
659,LLp2uBoWUgIol71wHpaHyQ
660,sRJMS36ZSE6kZMgDaznRLA
661,FHIeS8Pm2QneiEhPkKxCEQ
662,Mvhmwe5q6aCJl7MlbnLUWw
663,B_W4Nq3-iFWV2ato5AjXTw
664,cWad40jEQrDp-nvcz7LsJg
665,sOdwE6iR4tgNQH0jTEyv8Q
666,uaSlWopdvOIubp_lgtC3zQ
667,#NAME?
668,143NEW78kBoKdpPK8UsWag
669,Pp-1SyD2-EigcHMKZcL4cQ
670,tyM-DGgThriXlDMD8CKqUA
671,baiTD2N5oXlol0IpPsopvg
672,scGi4rkPWsOGYlbuF6sNQA
673,A8gi6bZw5uYwEGx_ZGVPbA
674,2WRiTpjkIyCkOsXLotKuqQ
675,5O2j81ScKPK4Wjy5U7xP4Q
676,GFhYrFzK7Cg_y4o9jZ4i_w
677,dp_60ZST2ZzwwQH-vgojqA
678,RR35sWKWWgRUjEjrOZRbQg
679,OYvlxJzux2UiY1eAjdMiFw
680,UD9pk3wFwIXmVCxbjiYg_g
681,991gebXiAW_4DnYKYJshfQ
682,gVSngf6txYlMBjfQG-XBqQ
683,yOYw8oFAeWLCYzjMoBLl1A
684,1MHEntGVnZ53mhryc7rO8w
685,H214lQlsvG1ImyxoP_CwVA
686,z-ktitNH3yv_VJnSc56qtA
687,pgfHXhxYwImys-QuLh2AYA
688,ENmSWHGk_29LfCnN9manSw
689,iSKy41PLQl9MX3n1ujkfRw
690,6Po-H6z_RIChd31MGWdeyQ
691,o7TX0QYPTUvc0lz-nP7RPQ
692,E807OYNFTaF7Nq6RO9fHcQ
693,lTZhQKnwPQp6QajxhIv8kA
694,oRqgWTs4YBjEWCoz0xoFaw
695,a6XdTWW1rtiitKAQXInQsA
696,h9yZej-U9PQGvJPiKBv7WQ
697,YCuGxnZvDl1JFROkMS3kwg
698,AeI3M9oEontA_sUNAxDFmA
699,VspHzMf1ZV9eqHfHG-P3YQ
700,sql7BfUly1z1M9D_InI5zQ
701,t4OkyUheiZiLJEoa5wshDw
702,5m7d3L8INQsERc9ntGF3dw
703,jaSQDxYnzyROR2WMVriiJA
704,lBjmTlW3dI3hIkbVtqNblg
705,TEb85zngBTk2zMWzrZvAPg
706,lJUGzUf76VsoS8pRuBVNMw
707,qZIjxg5i4WYhkjYkaY2pIw
708,h7vOJRkc5x3eDySpVj1b4Q
709,gBQFtB4r2GFx_4BcY9Rcmw
710,3TtvI_NYF8owtYtb604_cg
711,j87e3kScwy-4xjJdjbvqig
712,hwed2rO51L_jrKU2yJSu7Q
713,dqHn6BdtqnF_YVCg_2Mzhg
714,0Wn3zLKPDcXSSGv5vgh8Og
715,H6Poy0-oTg2aY-6plSVRMQ
716,SIgryPxnb9JXGTaq-OHBlA
717,T3VS-B3paEqIw_BKjdu1lA
718,W0Bv_DEic2rGX-3qkv5aaw
719,kfk6gS3PQu5JsLmy0d1TDA
720,VKqmK3tcmSakAjVo6Xh8qQ
721,6yAD5YToPejAAmyxQ_Uv9w
722,BZ7vTNSY0QGGAzoJzVTz9g
723,hDOR33TGz_hm5LnLlYwIOg
724,nd-lLHQImAtnDtDBWusJzw
725,KVHObJMBwJbkrsnF4yPRMQ
726,nMj6hQamF4gOFVHEBYA-uw
727,8tpchrYUwOmHjYH3p5Twrg
728,Q21j7v4nxiRfU_G6WAV_-w
729,Y-A8HNND64GrrwuxvXVyjw
730,_RNpycFRUtffWkEw1Pm_3Q
731,YmBoo_qjYk--OHySnQadnA
732,yI0flW7VMYlJM5bwmitEVQ
733,RgsB1V5tkPeuY4OQqZy9iw
734,p1wHON60bxPhqWJfedGXRQ
735,1W6g4xB08RIvdx3UtrhYAQ
736,ENULqOP2siz5uGW1npZDng
737,l_W3mKe6C2jTCgyECIwwXA
738,gxdsQZ8Jmslz2vcduA0JxQ
739,0_KrxmodhiFcw9KeZPetLA
740,FfJyse7Cxranpsyfr6CWsA
741,T1sv_NA1P-xim0EL-a8Hog
742,OLgSSu1PQg_NjPacBgfX9g
743,lJgq1SLLVd0pg6pM6Sm67g
744,7xHSMOE8t0Ud0UPb0ySicw
745,TfVb_w0-WQdwhFE9Xa21SA
746,HAC-mSRf1Btp4Qms-LdnBw
747,DLtsNSSNaYUoAmCd-tirVg
748,zlIH9H_w_IM1A-FiUXARUA
749,#NAME?
750,svJWwW0ilssyqk_UML0mUg
751,gagUrh3806qc5hZ14F0Odw
752,guaRJIAwPzbHZ09G3hX31g
753,LX8nS1dlW7MEZDDEmVcyGw
754,viYTcIvA2l_iSqrNpWeTdA
755,i8VF3q7dTszCcigJSMcJzQ
756,k1mGLPBSaUhZKem1KrXLJQ
757,STjNbLa0mLMSGp7w5PHjXQ
758,CQNv4SXqFltcwNsx-qHbLQ
759,Kjmtip2htzyZNjXbegxfYg
760,CohjGGw2ZVkXt1kTsXS0_w
761,XluydvQpT75gjiuRSclhcQ
762,tEa5ldZPH3XN7BIVu7yC8A
763,ZtsJuo3nfgv5Na4SZLKuZQ
764,SjcaXyflSrK0PlcgFqgcnw
765,2wrS0h8iXFZTr4p0egCLjQ
766,xSjOQkU6-JYbcVorYSidvw
767,ywFvkNZVJoXUQbZoq7fr1w
768,Z8vO_mf1V09QDUPdyqJ6og
769,dnJvyhSPiIVlmpdM_3SCrg
770,KwmKhdWpcIzypdjAUNrc7w
771,yuzp8qeNTuQBIHzKqYWXPw
772,uAsOPByhA_JiDi1d8K7cjw
773,tIv6hhxsLEbsTPRtqH5ehQ
774,k9ves6vjkIOWFrNA-Kucrg
775,qhLYdszSeiix49xAYs4Q9A
776,y4kVW5EF9X8kL40IWdvtQg
777,8RuI8IeP0Us18KfFtGsZNA
778,WTe8uL6vF1ZuKAeJIvxR8w
779,BtrGu-vCh-KliNJ2OfbDoA
780,ewCTNd0cUPMY32kD5opphw
781,XBJYkhpPPQFhIJvp2gjmbQ
782,OgVfMvYT-omfqwOwLP2V5w
783,OGwS_BIkHSWdcvQRdW_kfA
784,QZAZrHljjy8qh1QXacT0tg
785,GrgRMYi25w6aIcUdLLY6qQ
786,NOkJ14ltntgE4XWS5AgOSA
787,6fJltLxQcLgO0owitrzlBQ
788,IvPkDs4T8mEH7XzFxMuVGQ
789,9l5J9QoNHR9rfD3qcT4WvA
790,pMFC9iSrthpcPEUU2TzUkA
791,2-J4F7aKX5O1CzODEMPxAg
792,kRiwvntcXKDPdtpYKcGPhg
793,5G2X2q9p7QFdm-LbyutltQ
794,139JfE2uaJD-Z0EWW2cHxg
795,dkDIqzZntlNEEj-MiB2qlw
796,0-O-xCaxbO-ftWVEYVrRlg
797,jML03gtMkgIFWX9Iium4Xg
798,IFI6Fbp4JMn_ijznHBNAiA
799,Y-c9rFdGYXlT-A1ndoCTrg
800,Dm7AtN32TIdWUWdYJt2fYw
801,Xb6BcFtU2Hr26mfizCz28g
802,axPC_Mv7pjsyVlVASNfj7A
803,yPysKbumSjbx7bv2xhk6BA
804,V3ahq84dFzUAnxGXcdEHTA
805,AM8eN1XRCAktALneCIIGqQ
806,4HSyJDrdujF0NZaithc69w
807,zIbLGHeCA_JFaF4s30An3g
808,nkjNynsetEfrB8Y8voOjig
809,MKL5CsgC52dmZheWa2GFoQ
810,o6z1FG6wnjdu7gDGWcgKQw
811,wN0iABcxmQ0ayOITw-CD5A
812,xWw8LK7C5eajCFcrv_H6Vg
813,yzlzbQIkvXWfabm074Cmog
814,-1xy3Bkvs4KYtEyoe-U3Ow
815,4ltFVA09odOYX6HwIQZuCQ
816,W2NrQ41NXvzPzEne54mfOg
817,kWqY1RugUeRJOX9ib0dAWg
818,hBClIZY5Oec15fmkHsfzIA
819,JqzgAOTcRTGL3eXtQoVtMA
820,EWR8Fe6KojIN4_zOv4v-jA
821,3gTJxnnrZEUWWjOWqHVtOQ
822,67NqWyggBNZqGOORzvWmug
823,ezUKFaVKHqgb6OEN5akdiw
824,gH8re21M-vfzM1Uf_NCdzA
825,4quDztuWlvl2_sQyGVcebQ
826,OlaQpLb1UBv0-hCePjnv5A
827,0NWAuhxUfQoajRCqOO8d4A
828,5IBBExTg39pF3nxjIdx6Iw
829,t8wsnKpdazl2OtDUVDwZ_g
830,hufUA9WfHKzlbZCVvdfU2A
831,QKEv7b0rIPIJOQ9uwRAAQA
832,4YG2fXDFy8gkeR4v2FUfiA
833,LT73E05xdtvn1fa-22lkVg
834,mbOTWlu2aZRvBGcCF6BrZQ
835,KkHR4CnO8Xk4ISiT8n0mjw
836,CiIhHx5xKo_hze-MKN5MRw
837,G-KB4xwCQ1H335FTT1dJrA
838,mAFsEEGYSr4MEQQzAlQnGA
839,X0ms0azAn8rQyADIG-TPGQ
840,6IwJRX-oincpUolEPQ4LLg
841,m3_k3cdixI0Dwq09HFhpBQ
842,4t3qxyPv8U6TRxqmMnKxTA
843,0Qg45ef1vy79ekmQbRUpzA
844,bOWJHT4hXANH9fke2qDZ2g
845,X2mQOllHSvxPFw96DtVmlg
846,QHK251TTr9bzZ-p1qTyrBA
847,mlptWVu2XTFHUjjOuJwLkA
848,2MInXzEJsa5VEzfiDA42vg
849,utGpTHL6TAxjhtzLJ-Ailg
850,6Mh1qPZnNxi4IMVQYLXSVg
851,VQQbQPXsPACMm6P6uFScFw
852,1vIxKGhakcDC5o86btIAFQ
853,3sTQ3tgeFCi6jOVoWnjgOQ
854,tej92XRsh4VOMeBFC_lkPg
855,-6erDr5BFjFrAmK5mc5MoA
856,hNVeOt1F9xmg43AC6dFCAA
857,o8T0F0vmJJbzkBfNpuI2Vw
858,p7CHGsnjjYfTW42B1Lk_nw
859,Axd-xasBA8F_pUFhFXvunQ
860,Btya29dtHno-LiPBxHtdzw
861,ep0b13pJhM3Ot4iCcSYcbQ
862,jP9_wYs34CUUlTei0iSo4w
863,XmV_5O0TYd4Vthkg5ZifYQ
864,Th3YqhOFbP9T2f-5XeLb5g
865,gvTNvQTns4Apd_giRuUGtw
866,JQ1u2VaWWe2DgqeaRUmR7Q
867,5-zjfkRfrKEDG0vvN5Ihwg
868,yAqYr2op-77lzD4IKbo-sQ
869,ePRdamSdckhhma1e3O3Heg
870,PYOrF07l633sX7koyzxnrA
871,lUxfS8de1uISzJl1ViQUXw
872,FCx-YPwoQaTghgLvRn7SAA
873,LFcyMEuxvpMM_7XlQTOfeQ
874,tKWlEyBdF5EVpW5Gt_8xXg
875,43SH3cryIOR7DQbRfaf8qQ
876,JjJTx3W7k75ugen2xMtVuA
877,UhM5ivEhLtNuZNCKjWYTgw
878,LFiC7xhhbgT5AgCsNi-VgA
879,xrkVFdR5aFz5pKsyXZn6NA
880,bF3rPA6qtpn2BuGp8Fb1QA
881,psxjc0wcHZ7Qttu7invv2Q
882,OTR30AnbLe21SUSwZvk23A
883,aDfGr_9vAw_5BDoMnjSavw
884,rt1y91nSko9ODG6Kdsxm8g
885,tCjZNe_9Bq96H9V6KR1BIQ
886,X4SFbKv7oaMNfR65vqSiSw
887,wkj0Hjvog4npb2Qe6ixvyQ
888,f6y8lXtqzaBTgZKzbgF6og
889,BARqCk3PRF0fJ74lzpPLCA
890,lG4gzgkUii4C0kwJlrS8JQ
891,Gx4DoB4xYZzN_wRmdXIL8w
892,kUsduETMrhncQEfISe7BJQ
893,x6s2wXs168s-AVt-Wcu9Jg
894,xnd57Vsj3-1Av2rqU7Svpg
895,-R2UxII0YlS-dcrXvg3BWQ
896,wdTQ-zaAoeSgjQHQNq43KQ
897,hZRZ3p1eGebajBYBrNmk4g
898,uAuWvOej29IB64tiCbuOXQ
899,uc0zRG4uj9rriOzr9_DCKw
900,dEfp0PnOmFkhTOCWlv07nA
901,ocazaWtmzFslSW4jfRrkWA
902,z-cbsMqcuMJo4A19lQ8gZw
903,JbeEjztNHf3-A7GwXhKR7w
904,RnRu0O31U5_2eWaQ1Y4pJA
905,1l1qr4K5G1vA0hH9HdjPzg
906,JGSJ8gJeFjaSnby6jhvwqw
907,JnKI2CXfF9OUGMP2j_e3xw
908,8PgCEQRNhGiGG9HQxpIJKw
909,AwGHiAU85xn9Uye9s16pFg
910,4bdTDkl7quixAe249xvm1A
911,F544bZ4GkE5hsXA6WqHqng
912,TA_DyRnGXVeIdZz-RlWEJQ
913,ymvc-arqiErF5JYXx4ahIA
914,AOrJaeHa0-BkJ8v5SekUqQ
915,rRnGHBuZH0qU7ox5KB8Dcg
916,1cTJXGodefQtMnxELz4mxQ
917,pj7dYWosXP-bPkgM0DvEFw
918,vW_nsGPFmm3dT7DHOe-Feg
919,iZ5MepIMbmtxQPBLCQ5q0Q
920,pEzRKog4Awf3UsvIuSpc9g
921,MBY7uUoknyPxba464mr2jQ
922,54wmLVvyjlU4jz8SZVUmBQ
923,2-NVU8FeEdDnj8xP96JfvQ
924,g0nlicxRccXDde3ZI5mVQg
925,W71H9B_ChEpzdHlV6icmiw
926,U52HFgzOsYUdufBUXD8Ozg
927,AcJltLuGv-YbAzO8riTdeQ
928,znfgOskimLl2AAlHQXiR9A
929,DJinQfkXfCg32rtvVftUdw
930,bBWlNEIakRgYmVM04Dt7JA
931,hwD6cqioeOSarJYQvYz3GQ
932,C7wmSmkQCC_UeE184iW6kA
933,V-7pZYfzrNryZtYFXjt7Xw
934,B5BKsrp82hnSJsD1wZElng
935,xjITqDw0u2ljgHsF0BBCIQ
936,cxleVmI5CoMGtDBT8xVcpA
937,vQZzFvbuCeuNgWJaNzl_aA
938,ErHbUhrfupw_OFwoghhlGQ
939,ZbM43DWXm8cAmOzTj15ndg
940,JzhHfr2QTG-xaRuVaQjxcg
941,rB40-SRaNDnQE-NZleU4rg
942,nv-vnt4Z9_NW6WeQWCIIQA
943,XOGbbOJkFrSoQ-upJshvWg
944,MD0OJXVlXUagolh5VHHjAw
945,bXNa9JI05wFfFZCYQDPjGw
946,n14YZrB-rDNvvx4XMxLFzA
947,Df2pFtkCHe-Jdl3Q3935jQ
948,VztrUe7z5jtWU96og-3Y5g
949,ACKfMQ4crJhjh1UwKBy02A
950,y3b6WBV9hVlsYNVO7Vpang
951,vFa1UGQLzXnSDkDzUpkkwQ
952,5AeEw1s2DZ9c5Xd1BB2DKA
953,7rSZmkMVFLdFfGlBAYIiDA
954,V1ieDWzBTCa6mrvjlvn8iQ
955,fh4EYuoRtCiCLsnGySwRgw
956,Zrc34_NSIaM9Ok8nz3UfVA
957,xnqcR_HLadz_f-OPN-fj6g
958,ISFNcuoyE7okRpbvN0dE5w
959,NqC20n6JWHrlF9AsVXEF3g
960,nC-mhzBJFgW_f1arEyVNxQ
961,aGK2t20WM02XTtDEs_FvnA
962,T9_3ZHRksD_JL4c7iYzwfw
963,HyAZcO_6ae4RrADY9j3gVw
964,sII0GUW7FKS86phI5lV0IQ
965,akOoKx5dzn-zyVx5gYjF_g
966,L3LqULqQRtaiOMqL3l46jg
967,DlImV1ouCzGvjf0jsoDqwA
968,mxDWt7BfhbqH26w7F2QZ5Q
969,3IVIHJh8s0aseB4IKmwVtw
970,kJVlSr_mqgctthqNIkB-Lw
971,8FrbfTCmii0BaxyxDPkbEg
972,D4TlwFzMLPSlzLiXlPmP1w
973,AjsHCmP_ufqqDjw7cziBwQ
974,Y2Zz0NWlcHKFkwAOU-uXJA
975,emrWfif3WaQs3_bLdpG9Lg
976,pfGABqwAEsu8ef7DeF8lAw
977,VYA0Xr1dykHkQXJ2Pwlo6w
978,Wb39pTKjGezk40S_fDwWmQ
979,1v3BSB99Jyn4Pl9vH9-Nnw
980,hqjC0FvpumF6fC4H8y_UvA
981,YhQ3nnEvYcVOS7sj8YUzfA
982,Qki8soGvUcoTVNw0fYzlqA
983,wplyqocwFZfoMR1KIFUrSA
984,FOOSyOmRk-HCBUKF5sI87Q
985,aXOojs33A9zK6g8jqMcH0A
986,cqXVUIwq1hOeTeO1jFRaVQ
987,#NAME?
988,guWEz6nhlsSBUuJcdj7kBg
989,s7BZaUGusXNPUv2lz7tUZQ
990,ZfauqlsU6H74CPt5cPtSaw
991,hHRKCD4uyS1M_RykpJrL8A
992,wS3ekbB9f4XA1e4uw9eG-Q
993,AsbD_a57ndOSqFi3a6MXBQ
994,xpHQ8A5vHSRbK2jW3mSV1g
995,ajbUHcx87kPo6YSxI08fsw
996,lA5jWKzPnQ08KAZKziD28w
997,_lWYE7B166ckrCv_j-oPsg
998,Wx7GhjBvi4xobFegJv53nQ
999,lcPE8E12pURZLtN5_MEttQ
1000,J4ES_5H8H0aN9hg8sYEuYw
1001,kQPI_A5EdRfxsk4L92RYoQ
1002,Cuk0Jlu1PmoIw6CHlzoZSA
1003,AXbyLbXN8T0AM8FzsnxJ0w
1004,aEkwEHAiIdxCuYKtvv_Y6w
1005,ey5baaQGHGy9_0ttnly6aA
1006,Ey5fDHNuDmVfiHdyDnz6ag
1007,Jg51u2lRQUHpwj7hsyLMnA
1008,5WAEv30Xofhxhw-7g4tkxw
1009,rtja1jiaLwPRloM_OKqY5Q
1010,PKXtLI0-92urioZjFs2F5g
1011,2Sg4TbJ76yQ4Tu4oRF9W5A
1012,3umdE_Aq1PhTQIsk3gSWyA
1013,cqSbqOFNSxTsuzGBn6yvXQ
1014,uSwshoJPxPqS5D8YjYz6og
1015,vdppb2F1oeAj680_ismbgg
1016,ZwVDNjgkLooLa7UciTtbwA
1017,Eb1i1slSteqfmHq--K5nbQ
1018,GmuWTLmtF98jjUryVGH-OQ
1019,MkAuYeTMzLa11pP0jYuUwQ
1020,XvtsL3IWWifdLS1SbYD-tg
1021,PFAVIMh38zex6loQxGiz_g
1022,otkyZYjawXDrVTzSymPwXw
1023,BvofP8v4jHnowavY7U188A
1024,bQQ9z0jU9Bk6ykjrQn3jcQ
1025,Pq6iIBjMGW_6ogMMzq2XJQ
1026,5olkyqiIQeDiiDnfF41W7A
1027,vXHqkixr5VEXHdhrA_xx0g
1028,8QXBznT6k51-VODq4a_GdQ
1029,00_ovl_msYknPkuVOghQcQ
1030,ycwjhzfgARLoFC6x83MSrg
1031,8dr1t56VIC8KKuIfMVxITQ
1032,Edw0Y6aM8bSbZCOtfkL8_g
1033,#NAME?
1034,HtLRWPItmC93__AjFJTB5A
1035,QsXaw8qzjqmEIi8TrDjeZw
1036,AOYs2n9LIn8XdGLorUpecw
1037,c9mLOJsttQwjzjnTsXXozg
1038,VyTtQHoBzRkAv7L4zWOSUw
1039,-1OKn2TRxsoZ1fZClMnnog
1040,P_QOAet4GoDAzI5bYuXZkA
1041,q-iJvgLibCw0GlHLpXBzVA
1042,_rrnWRKElleTqReJB_2OZg
1043,aK7VnQeId-cRaRpHyS-Djw
1044,mKSzmGpg3RysNymDLwZsjw
1045,UFiLng-2-FdKwccNaIqAGw
1046,u4E_cWczKpiWNyEQUEt2tA
1047,rq9_Sm4K_v2XZqBcofcoKQ
1048,tpxs3Ofh1d4Yh7SjmyKfuQ
1049,Sf6k7ox_049yZXUIdnZLPA
1050,Mi55P1q7Sz7IjJ9xN6LQ7g
1051,g0ppR1wMKRbdKfY10zcr6A
1052,7PPIuQB2Hzw3ydR16nBY7g
1053,#NAME?
1054,PmbmjMPMg2ZFljyujTxdeQ
1055,Vs_fKQBOPJmgzfFKQmjfAQ
1056,FNXVm-5DxLwiSmFhN6egfw
1057,HJbohTiYQSkeuVf7_NtLGQ
1058,URATEALHMwaX9pYv-LgCWw
1059,Tr6W1Ciezmy7gp11uGqgIA
1060,UGUlPqlmfYquaOgsOAd-ZQ
1061,wvHjsPpyiA4-Y7oBfsEjdw
1062,wNmR0aP8JANralJnFcqZRw
1063,tC1I63iH7sALFIbeY4rtVA
1064,4CbQrxwg9KXNmQO60Xmdfg
1065,L6KRYEx2RyuuE-h8YTR-JA
1066,iA-TWj4_CCcX-SEG-iuCwA
1067,KLlQG1r0djBD9KKNDgdV3g
1068,_Dik-kHVYep38hSu8YU91g
1069,zBCW_Ozlk5VeSoue626JUg
1070,zzDKXPVXhJh9KJvd41ry1w
1071,UTQyonzkzOVdBldd0Soc6Q
1072,uly7KHEsZr5A4A82nt9gOg
1073,c8BSzr2en0g3QK2hQcS7ZQ
1074,z5FvyocYW0621b5vuUy5Ng
1075,kHT-uvjpStFv2WWg6u2W0Q
1076,7JJwekNThsLUU4hV61HWsA
1077,81HtZzcluVTpx3ubOo7cBw
1078,lMI13qDgx2ZZJ8TDYa41-Q
1079,nZyuI6peosyWCh0FFJzIpw
1080,Qf76uxcVwRnNaAkCMKolrA
1081,wQuKYQm7G7TkSK6Y9Hm1vw
1082,KIBwgosaHSVtaBZkPM-mmg
1083,Z4--oLZwd5W3M9fw2vCglw
1084,xPUslnlhDm4OtyFTM61ZMw
1085,3NCOHdWSS_XUIRIuqR-IQg
1086,GNhy4f5wBEY2CqTTFIRwkg
1087,O1i-bBDsiJWCWfPU3sNyAg
1088,tdOGXym4yjtfsuVtIccYxw
1089,lKDmhZDPckEHLlLgoBP1xg
1090,Z_HCOSINpE8nZUwVYP0gBA
1091,s0y9-CAZq1p-10giaj2pNg
1092,LBySwmlZSTSQoERfNUh66Q
1093,vW4PC86YIuiFqJdyKCUnbA
1094,U2X4wEd0oeMG8HeOjcdN3g
1095,ppTMoHBEIdAZX16vuGZkWQ
1096,WXOk5Y_IoBtGvchqqxXubA
1097,k3vBsWFKwyAbndHWcI8jIw
1098,X4EqBmHfl2o6VOGbzprcCw
1099,KRV5bnQKlrJRL1XkMKF3Hg
1100,0syWUHwfAz1jfuNY6KymPQ
1101,I4Fg_jFodQHQlQBVn1aF3g
1102,GG55nmUtP4VvH3eoGLqhwQ
1103,o3edBEVjRcYJnQWrSFd9Bg
1104,ojq84p8G6Pg0NccdDdN1jA
1105,np1X_huOAm9xp2QP_5C_xg
1106,Pl8fiMyiLD1NM2Y5h80BCw
1107,A58_qjyvFC7OKo8MZ5dmVg
1108,43YCISAbm884HDESWdnW8A
1109,lmMAx73_PtbQO7GYw3IZdQ
1110,jND55lN9oCEswxpKcQvzXg
1111,vw8oVAGk6sub-h42QTRYGA
1112,e_AUsOWI72nSLtzo-HpQrA
1113,NIkdedrp1WAmAwo3JWJ1Cw
1114,lwcNuBcfEkxVPcXMk_yqBw
1115,IjB5DBtI2wVFx8J-Tm74Hg
1116,F6mqRSAo7Nwc4oMZvR0E0w
1117,e92Yu5L9D6n_kt-nHWMsJg
1118,rkDYptk3oCFzm38odi2ZCA
1119,xuRlgzJQRdT1dSPR-Asvaw
1120,oy17YNAyTO6bsbgshAbYNw
1121,8aIsObZwVj3jmH_kixIu-w
1122,Jex4ITxMGOLpow2nea_VgA
1123,D9s3QQtmc-FP1WyMlGKnZg
1124,Cdk9117ZI9kRAeANyn9RIA
1125,ONY8_8NwIzuWaOgIghxvzw
1126,7vjcWaAOZ1aMH5ysi9liGQ
1127,fSpHacSpz9j4aC-a1_tw5A
1128,_u0uydPLbh7B2YS4qJSAqQ
1129,maSatBQiTpeN1zk1iRxDAg
1130,bq-jjhuXfMYQ_w4nRzLUuQ
1131,GKWj4ld3UQqbMzxnwHHj-A
1132,_g4zJ4-Qe3NJRFRS6mVt_A
1133,Glu8zh3-L5B0wxiTorH9Xw
1134,5gFPpTCXQvYI0-KJCVeNdw
1135,hoTuLYuVvkS_4mBv2pIuOg
1136,QSNQUJyb2sBdGlM_Ci2jFw
1137,SRVcvr-EqhiafvPkTtwgGg
1138,lATuTSAV482ltNGOtmyTJQ
1139,UzudWgnsNTqFBKUtJqGJ8Q
1140,BBAYgnS7RPQw0b1W-7iKkg
1141,-8OdXi8L6Rr4ZbfwiSVhkQ
1142,Ol9n0WyuhVKbFH93PKJutw
1143,QhrrsVikphbDwCK4KzYD6A
1144,XjeM5txSM6i_1uG8hcZV4g
1145,ptYqEJQwdj_F0V6fOXtblA
1146,JMUawN83kR3xjI-HJ806hA
1147,aYkyqjHbwjiOcZaFmWDhTg
1148,QMPFWhM_kMIMSSBQf48-Gg
1149,EknzDsB63qDymetHTxU1vw
1150,PjjShgqNvX5Marv-RJ1oNg
1151,9wu8pszrPPUjruNvgQtIEg
1152,WrZaL6BxHqVqt3sAcJ-5Rg
1153,qAn_A-pwh-SDBj6Sjff8Qw
1154,yeHLiKNp0hyR-ig4M6us-w
1155,QfVeoUCXT-CRrp0tMcPs4A
1156,en9sRChY9wYY9DoRioodNg
1157,4UByKRseOwx4JxwXclCejQ
1158,tTAb4vrTgcmm0eLC8qy3qw
1159,wbjEzawC9XK00KVJui57BA
1160,teFjQxUqT8c-yxQdoILDVQ
1161,TjAsf2vHEYh_mCHpQqGgDA
1162,NDzQFHW671hbB-aArOy12A
1163,tPYkrHdTsYe_-Ty5EPiP2Q
1164,ReV4Q3rEJ8neicQPc6pC0w
1165,0INrDX--UuVvHVKpk4mL5Q
1166,Xm3fazqrD-Fi4tVPlc4i6Q
1167,wazRghDjVEiSzTt9WXCPOA
1168,8l1VfyDv9yxDca7INFBKuw
1169,UFCN0bYdHroPKu6KV5CJqg
1170,-8oIIpYJAXWg-G3glapMmQ
1171,Yw-guSo-TKY3YbRrq0PELQ
1172,JpKKLxLo_6RxvQXyjVXnvQ
1173,rfsjwsB9ACTQ-FESh47iUw
1174,w2O0CQ_cIeje-5VM77SR0g
1175,nR5YybQrv7P62jd_oP5p7g
1176,1T9F7iLDFAYWJvif1RKneg
1177,oyJ3gXNkV0DO0YxcaTgtTg
1178,t5qfe9lOZiMyvHfAqwnAlw
1179,9V0LMtO1riRw9-pUuG4NFg
1180,CQfIbhfIufT5M2BMYyeYTw
1181,MJ9BrqRBC-Sda5eWNS6WVQ
1182,ML5NNCUw_shDppdqfCI7LQ
1183,Yyn4z5ZysBDYCXfTFzflaQ
1184,R8WaL2GBd6FIFHmwaRWGNQ
1185,52wI_37D-KzejinRP70SiQ
1186,plYv1QpBDnLJ8cOtvZvmfA
1187,VXAPhFVCpwUjG2JIYCHRnw
1188,pDghOix5B17eZTtjDsQ4_A
1189,pdLlJu-oOdy4gW_6rwuEQQ
1190,Q_XR65cLnHn7sz7aez5L-Q
1191,MbVZ1yZvG_sSAkHgTUx04A
1192,saB1o6fF4ozyp0O7LyueOA
1193,Rr9kKArrMhSLVE9a53q-aA
1194,fJ6AA9S7SEq3sim_3Sim3g
1195,eFiM5r-Nk30749dNKQXkfg
1196,5IvBJJl3bemFixZ9uh_wXg
1197,EQ-TZ2eeD_E0BHuvoaeG5Q
1198,ppV8AwESFjlG5FSRXdvtyg
1199,LqxwgpXvWMrAZV5W0u2x6g
1200,vsXLQFDsk1LAw4orFQxpbA
1201,HN8LK6XfXhw1byBDHl6mJg
1202,Z4q6NF-9rWRFsg2PjtYqGg
1203,2-1vA9Vvfm58EkuURK1dnQ
1204,vyaAYYwouj3RnRxMP-Mrpw
1205,VP3-m3Vn9xbYthzYE3iijQ
1206,1WwVyv-TatmNTcqDvGlxrA
1207,j34cHMHaZLBT1rB8uIyrhw
1208,MD-UdfNmH4VkAY1c5XwbCQ
1209,RAdABwQglX3TxRDHk3sQNQ
1210,crB_mGmmEjB3SWJ6HXy7Tg
1211,fRxiqGKnMKsHadRmfCbXRg
1212,rj8z94vBiNpP31f5AewUgQ
1213,Ks78GjkL0K-xUdDSYFOl6A
1214,HzsWYo3SNaqq4QR388dzRQ
1215,YRcij7n9HQ5uLr0kxddOkg
1216,-7Jjfc7F2YL1xlFfYH2bww
1217,D-j2c3FmU639dGW-4NZIWQ
1218,k9ftW2X75PziC_2Gd41q2w
1219,f8LOPuOCzJ5CYxqcxn6R5A
1220,MFa6p2xfT4VLo1B1fXW8tQ
1221,oAWNBYS0QUs3hNU98vdWjw
1222,aWj32UJGKtxYRY-jrUf8tQ
1223,DV9BWKbBa26ayojH_HCv1Q
1224,HKrf6zDOA1RpKbVypjNKEA
1225,_l_Ns80tWCMrpZ8Kxnv72A
1226,1RcF9sjK1fXT-kTxWhS3-w
1227,KZqURclXL1s9SrcPbKQCvQ
1228,Oe3Bq1DGGgBoCqbhHZ2D3g
1229,3jxkNeGHWSnw4C5uOYgUJQ
1230,nlMqbB2rvVg9HUTL0lxrBQ
1231,SWTjAyfa8ba_WGvWgrZWkw
1232,uI2ZL_4m-dt-tU0YUTcbAQ
1233,lnuufgOubedbkjidqC4ODA
1234,5IAE02o73LCPrkTb6Q3Pig
1235,wxum8Y12k-8jD1Pxl4jXSg
1236,JX1FmEJfOc5MZnLzm5aAFA
1237,IPUGrnNvgrHw5_kinyGX5w
1238,o1Uq2ak0cIeF_Iuk7NOKmA
1239,j0xTDk6K8ejdc3MrZRX3iA
1240,Ck6EROTxQ0IHxL_jLudpAw
1241,CUJhKY1kqHTqNhOCfNsoIw
1242,3HrGBlBIyUAEUWXSFCwkuQ
1243,eevXC9Y_DKEmnv-ODHyRAw
1244,9DktoiPeS04iDiSQ9r6nBA
1245,qmzneT1YltgEqrrb3EZgdw
1246,NDTYvZsaHeFDJwuVnYGyNQ
1247,8Jan9JYOZ4jjdWbksqj54A
1248,ye7Ibz-VE4xDxPa3k8iubg
1249,-2IR6EkhGJsAAc70y15e4w
1250,glA-11fLZeEYtA5Iec757Q
1251,MiYYi8rt3rAe7-1f5SmSCw
1252,SseSlJqHYH4UfMoE_ZxBjg
1253,Ltf5it-ZzLNCfOrznd7FTQ
1254,h_yMLhzFQ5rZHqEoNjdExA
1255,ras-Sr9SNvqHrqb_14tApQ
1256,zCq7nZpCH-wOhqyYSdys-A
1257,cVVIoiq5D7Izr4SKBSoUHQ
1258,v8QVHZjRbnJrKe8plpBxig
1259,zitewCKu61q42PesTUPRoQ
1260,JtbxyPREXsUE6UWGoNcgnw
1261,yOF4xLBaEYfy5Nr6lfBPMQ
1262,mgvC-ZikjwEFoEBUvQV6QA
1263,qZ93UboM_Km-hMdXhnjL1w
1264,1e_3wuo6PLvS3DyeG-zzug
1265,CH_ATsR-BtyOC1Mm_3ZS9A
1266,IRUWmiWAO6gEPCU-dfBfKw
1267,jct6sOQDfbgW1FtM-REbxg
1268,asrg7WmHVHsWYgAi6Pu6aw
1269,C7jlNRhFMU2m9t4BgkUwkQ
1270,YtxlJu-iNw9Fee0mN4X0gw
1271,R85wh5P1BjDCQO-B_eYIgQ
1272,8CEYHrGRfRI0ebaZJKY5bw
1273,gPG_mF2Rtzjh5CSuLpM3TA
1274,X8_S6vVoWjmFKiGDKNqkCw
1275,4uc_R37WJh3b9Ugqcu4yhw
1276,k2q4DlSLblBw1WPBIxPR9Q
1277,10vfFlYNVSCL-pm6CRV0LQ
1278,snGF-MA7DnziWvN0RMpB-A
1279,l53jO8VNzOMkKEeGUQuoqA
1280,_0Iu_zxedHnz0RbDeR-OVQ
1281,ke2t9qCnAWOOBEk3aGxJxA
1282,V745FP2RwhlLNSJ-Yfotjw
1283,DQlHxMZUkOSe8Mtrg_Iivw
1284,Xidkikz6KGyyZtQAT-mwkg
1285,zcXqAdTiXuswrOfA2ImN_g
1286,uqd13EjcRa4Vda89HxaLpw
1287,J-46MtqlBkBRF3Av5PEYnw
1288,DZ_kf77dPqi4yNbPueXYQQ
1289,9nmZKelkWty-Ismjdb0GdQ
1290,LYTcWf4DiiU6AYrpOkyjkQ
1291,gRgTVUWlplVh4gWmGW_pfg
1292,-2kNn0N6iYumAkapJFYxgA
1293,nZ8sr7bWL7S5rhovYdcVrA
1294,NIAs0xM83PT4LeaWODdRow
1295,MEv-cvwkCZblE2IdsBGuJA
1296,TUzl8I_Aagzn2M1LslHlIA
1297,vN0n_sB8Urzv7ZqHO5VgOg
1298,10RpDeQRE_rJJ2bWIo_mLg
1299,ModxsB29YXIL5tYD2AgXrA
1300,tPaeIbnW-et-cH2gLxAVuA
1301,9DpLvbyKDWQfNOJQwBpI7g
1302,#NAME?
1303,BE77_j1BjW8faKmsF68PNg
1304,BhPtgs98soQ_0A17-fsvkg
1305,_56CQCyX5ZCHHc7Lv_pFWw
1306,Rk-te7KHGH4rMlmiKriO_w
1307,K6KZTNYTyan1wCK8r4YeXQ
1308,dszn8TEyELYgsZyFn97Z_A
1309,BRl2WPSM5ZZV4vNIoeHilQ
1310,FCCmDUY6t5V1YbPKa7YW1g
1311,Jk_Y5rai4X3cLBP6qi0xoA
1312,WlFVmkpr_dBjQabZHFb61A
1313,AJ8w1ZP2WhgiBeHbTV20Yg
1314,SUSlWXGLz6HOm7KrHpf2ig
1315,gGrNby32T5gNMXEB_C-A5w
1316,jvtpk6w6ZF_Gh0XttumM8Q
1317,YKCnV7Lfk4DrDDS-WwRWUw
1318,1dKasCqwsbe2PHHrubgTAQ
1319,a7XMOZMQuZL7rI0tfbBmVA
1320,12AOcAKDBn2WE7I7jp_brw
1321,p9th3I-j24r0n5go3z0Q2w
1322,BejB8032ei1QghkqbzYG4w
1323,Zei5x0_Vej-wm7xsZZEkIQ
1324,5mtwO8MNpbLeGtsD2D6sig
1325,8dGRJY19O8gXq0lBY5ovHQ
1326,gvUgBUfx5qvAvUE_6m6HgQ
1327,eWI9XVLfLcrlPS2WnC_3sA
1328,ttbckSKl-bwFU3eTI6aItA
1329,i4jZuyRNOXttL-W-m-0-8g
1330,fOdtN3OLmR-04TmO-yL1Yg
1331,LY2yzHmIK8uslorOSv3YjQ
1332,q_Op8qaSrHPUWjwfEOgkkg
1333,3N675bJPvM7LQHlVwzNktQ
1334,ewG1RZHJ20lT9r0m0QaS4A
1335,DO4DFl2CM2heI9Du5ucRZQ
1336,rNSUaMDLS-uFuFPhg6vAUw
1337,Y1SMLQqNeNKpNOhNJ11wFg
1338,nZoO4OY8ArcG0tDOqb88eg
1339,sDjYLdGDjXfZ3ddo0ovcGA
1340,RMC7_HPmviMCMzuk4VOsvA
1341,8cOJtnSRPRcCuyW6P0yesA
1342,9hUdLTj7WqriiXjV97N2AA
1343,9teenKUtIWCkI2uRtgeOCQ
1344,drFe_mHMtLnzaqP09IKAnA
1345,7tacR29J5H9_plwBnnTlFA
1346,t9C7U8qJGHhfcKQIhTcI_w
1347,tLjkDg97EoP6_GzsZLa5wg
1348,zYFHJVG22eixWfgyyJc_tg
1349,3lJ-jNjsU-inlRUz5zfJFg
1350,1NGNGb0oti_jMwot97Wacw
1351,d3oX54u9J2tnKk4csVpqZQ
1352,iZc-qk2GuyuYcOs7Y9Z7JQ
1353,cPGRnd9XwF90fhzGCNsfTw
1354,xB7PUh4oHbcjmaslTu05dw
1355,m7O6ZFXNqmMSfUNXB7l2Yg
1356,v7GTSq0JcB0mXEfxL4UOWg
1357,pZVBIaPUGBUbSotvyJWIgA
1358,b2DXuQuIlnft154Y9rHLwA
1359,TRiWk7RhDMTwwFVNq6uxAg
1360,#NAME?
1361,Uwh4DFRV8zDAT2nJCUBoPw
1362,oLtTDnVnGcb_Qu9Rh0OlKw
1363,13LUY-_C_Qj2CNnqKh9R6g
1364,JE1eYgCi2cAHTx8N6ULfpQ
1365,ywmLl1CiBB2zQBTY9bnFMA
1366,M35hpOEOkSftheUfiOd_0g
1367,h5yduoeXA8JUjFThUZ_eDg
1368,rCqw0bZCAdj_Hms5kXJ1JQ
1369,h5_6fLNvB353WBkIy-ihPA
1370,rGbhcAZ-pDYyw3Y938XGng
1371,uSC8uqLwXFy1cLqPHaQ_Sw
1372,3zoZrT-rMD9Xdc5_MEKIEQ
1373,mRMgI_BaJg5L0SfewMEGnQ
1374,OGvxO-eAVjBME3TtMoCZ8g
1375,QyQwTCU6QiTtWrfzrCHf8w
1376,J4YSle-q6UZvM0s1kqEjtw
1377,nKE2Fi-5TEEWAv1F5VGiKg
1378,76yp74hGxb-nGLKcPw7XdQ
1379,fF2EVOSi0qD9p_juVvu02g
1380,IQO9vwL4O_Yxp5S68gqDzA
1381,2ZRA7Z0_laLeHVRE4_xF5g
1382,TNlx1Ax-W-9jZC2n6DQ8iQ
1383,zT_u6ejzelfsjxUjQX0qkg
1384,92gvrUh70NJFc8qWqorHbA
1385,lW_edjIBVLt5HGrWLTFLzQ
1386,ZgKzJAkRxUbClrma31oR1A
1387,743toTmrB9MfiE_BQd3Jqg
1388,s8JPUiqBM0g560Ocw_2AeQ
1389,amzEJY7ZRQGLjBbYl7Wiiw
1390,fbzP8nejPqqEUXO6hzviig
1391,L3-NZQhARIrDYjqGgJSjuA
1392,JrRp-QSL2Ot3nepm1VACuw
1393,uTcQEJ5KsCHHiYTbi7tN9Q
1394,xeow_pjP5PYgNtmcMqa5jA
1395,WfKkxf3C5RdyfeZm1AvD0g
1396,vBNWEG1sct6mmFc3mllwPA
1397,3k84FpVu0-m2hfbQRT0rXw
1398,9lW8uEr3cCVIW23NS1OZyQ
1399,ilZrY3kWqrRFrWk1HlnUmg
1400,n8hof5pjuL2FP7aMM3OodA
1401,qAlL5f0omddsOTxC-4UGhA
1402,PtBORCE3jrA8rCbDD4QtQg
1403,bpEccShOHa4RQJEy5t8Y7A
1404,4FsHqroT5hLmHUOXCkRwYA
1405,nVGGqP5TsAPg_ZUNChzSXQ
1406,zy73I-dwBwoQq65mCv7Ksg
1407,GaojNfka07ae7fnvt0dU-Q
1408,ZIaKcriUfO2g5Q-0xBDmnw
1409,czHbrIuNFcjq4_2P450hXw
1410,e0RQ_3ieMEV0JgQmRUSSaw
1411,fapYVSvrTtwS2zUxyUP37A
1412,bQBZQasylsNgo9vZyn8Ztg
1413,QxL4KANHgaeZRWtBp1VF5g
1414,zo4LbXSMdhsFVE7Xx6KfVw
1415,5ZwYeqnbkuCtvPSWrRcohg
1416,MPseicehLIesyKb9Oag5YA
1417,SKQdDOTq4AMHcEZAnaTEUQ
1418,9oVSQ2KszfCne0yq1cOj7Q
1419,7zamB9dxvn5_fe7Zrg3SSw
1420,#NAME?
1421,VJ8P33L0byJ7zzgcafZ1Aw
1422,IayNZPrMHl0kOlwXRKQUcQ
1423,ryefvQSsk-4YOKbVfnSiYw
1424,inqdWdLK9l46SMngGIEhgg
1425,uy6Dj74ssqarl1nwec55ZQ
1426,zi1RYsXV4pBqIX-To9UCmQ
1427,1pSbnsoEFtiEnorhQsmI9g
1428,ndqbMINRrfFJGBIEhb68mA
1429,5OD1EzdLoOh2C2A9t_it_w
1430,_E0H5prfL7K8A-WV8sNUlw
1431,XJLyVnulZJYfoq0ozt0zCA
1432,tgIMtA-z6dCIO5FZhC74Rg
1433,iUlfs8XbOIQvRWQmdCd1kg
1434,WDpbzWZx6r-F1tgd1buMvA
1435,XsSHzeSRVhgMRSfp3dDemw
1436,fMPRnwectquU1sj_T44Evw
1437,2mwQUKU-4EJJ-8QWost_WQ
1438,gZxnMhy1INTX2TtDVo1pUA
1439,CDqPCOlAh4futJWF8gqdTw
1440,esMV2KYxrQ4nRSbKqePxug
1441,aoQ6plOuyptv8_689DaC7w
1442,MSqOzj_GNQgkgY1l7CTxbA
1443,NBjeyyxAOKxbngPkrrC4_w
1444,iebogl98hQAOrd6JlylqJA
1445,DgKBBKxVPGJcJ1gC528QwQ
1446,bSBbwREAQSU5kFV7bg8LEg
1447,2ieYD5fwNtE3EqIxIbl3eA
1448,GqsfnnOPfvg9J6Fy0O_fug
1449,vT8Gyt9AO-MOwYUCMxLTrg
1450,JRsTxoZNzXTHfTfQVjDVEw
1451,aLsNHPwOmRIdWdYS6W9_Pw
1452,nv4JWAWW6MYgXmjvBkSIEA
1453,MevrSQ2KgZdkwooWQohn_Q
1454,#NAME?
1455,EB5jXXWhjusROd6VLgweSA
1456,hfxRtkSrGoIO7VjBY2mOhA
1457,k8ueEPmseS1pMln217QmnA
1458,MLG8-7xBU-vbqWUMoq-xtg
1459,zCCJC2N8SnQiSVR7aZrb3A
1460,bwh1KM9la6-hnwofZstAZQ
1461,NXuggOLnSsJjecWf2K67KQ
1462,i2JW-Xqg3K7D8wVzjjNgag
1463,4l4DKOdrBQn44TDM19dVLA
1464,a-njMze-Sw2LH8nSOlQ7qg
1465,f7vAwQ-N0DVuEbAb_HQVFw
1466,Uhmz4sGXt1VKfJpg3cnK5Q
1467,XXdnTT04HypgqSntbi_4gg
1468,wOzHlSq5y-JzwqJs-9K1qA
1469,P7wkYbTja7opjrKwHcwj9w
1470,BXV06phw6GEQNuaqlq-bmg
1471,Ge6BseIRXgFNI7ttcD87tQ
1472,roS34-2z5mCTyWBuHQ3ZRg
1473,O7JSL7mFPzPWmh0_flpfTQ
1474,Hft_s-NTb3Agw5Mdn-VlwQ
1475,yL2ggQtX2Ojza07DOSR0vg
1476,xp7GqdbXM8IyYjkVffLAbg
1477,ktCMjpC9B1yjU13beFzsfg
1478,80ku8F5bNC0zuavEd--64Q
1479,GMGzO_CZpr_OTSYRwCBEwQ
1480,2L7Zie0hoXQuKGc2TpWBAg
1481,hiexEBd3sj7F351kwLhTKA
1482,vDmRK_D_GbKo58D2SJoWdg
1483,bayCw92xjVQa3UkAD0EPJA
1484,VAAaYB1KQWrBSK2c3gqe5Q
1485,bq_ffglYrPNxiLObPcYPtQ
1486,dieZxIRSo24ESSwQ4KcnrQ
1487,CdZ3hOuBxQKPH0uL0rJAow
1488,45txizSCVUKxjOQYjG8lEw
1489,IhQcF2m9RLOv1pbowr4Vnw
1490,LSL4-C62jHtPwuXOf_AoBw
1491,EbFNOeKj0cOM9ayQfI1oWw
1492,fV1BMJLO3ug-RNfWQUP1oA
1493,07ykuel4tImxXXpWUe1biQ
1494,LxmedsPeH8Net4lhrfHU4w
1495,AaQ-UEU1zyvVsjURTJgdQA
1496,hEgtVdQb5iVK1jblplPfVA
1497,GX9_qhLdfwZyra3-jcAJCw
1498,W8IstiI1l64LjGFZ3nyGzw
1499,fw2P2ytHMXUmC4VBrQzFqg
1500,XmsBtCykUtObXg4Q1mYpvg
1501,RJNAeNA-209sctUO0dmwuA
1502,sXYkjcuGhtaYP8yeQPaHgA
1503,H5XEdekWKTBF6dirb7uPQw
1504,OoI3WUe4Xl86d53avy3oVA
1505,YxZ7Zhn32jOSEHNxm0zD7g
1506,vR5Hppx__U_VXObK8VPLOw
1507,EM2UD16g0sbmF9mVvjAJsQ
1508,93kQpqrwSiss1bK7GezoLw
1509,K75oPh837az2upKWPS2LUQ
1510,LZ_R2OLgZQSQMMzlp8uUOA
1511,PqLYjUuzSIUU94emDWxwLg
1512,_Y32oEn6yS7oQuxcVwtCAA
1513,YLqO9xm5s0KJ9JzWukAk8Q
1514,hoqk5SFvERVDJVXUaFLpLQ
1515,RDQ_812x82H72J7C6jG36Q
1516,Twcjx4ofM9GWwXN6LVGSzw
1517,u-bUskQT8jeImKCA_VfICg
1518,EgtyW19V-64c6PmRuvzSEA
1519,p4qvXkb34X8hgidxEZ33Gw
1520,NYf9TKBKPpa1wkA_uwIlfg
1521,BuS11AF9XSHEShscxQEzeg
1522,QlAPX3c0Vm2dU_w3puIAIw
1523,zINKP9rtvo2IUKTZoYJUvQ
1524,wNdTKpis6nxehbaZP0XwJg
1525,XxnQKE9jTD0bTE3LZ5NOtQ
1526,Xdr6RerdQQZiG7tKrTg6fQ
1527,ewEDv_q-K0fV0FepkHB8sA
1528,SBnpT6JDbah-5l_52GM5sw
1529,G099MT9cwtwgdsR71JLp6w
1530,2-su3xdxOvyF0_2GZN4FLw
1531,Dy99p5bWfr6g0UtlmPjDqg
1532,cRBIvRyynPBjDi2y49PV6g
1533,t67GMPZ0cv_ItKlID-JFiQ
1534,03_Xm3lyTkZp9onKSKTO_g
1535,VMPSdoBgJuyS9t_x_caTig
1536,W-xIKAbcyax8_B8su7zD8g
1537,#NAME?
1538,I2tMP7yYJEOc9LNACZB-1g
1539,Woqed5Fw95J6oEZxIHiBgg
1540,xI8GXDAdJcPX5dIP0acBvw
1541,pYwbI79QoSztj3qzwztQ4Q
1542,Ec-h5JjXzy-pjfpb7d_BFQ
1543,uHIsBH1nWJ9ppYMNF4OMLg
1544,VfWX3UCKvUnVktdOuR8TwA
1545,i60v66vwf1A13YqcIqGD_A
1546,ubEa6XiMt6gOJ9xsUkbpEw
1547,CLwXNat9_6XzOn-BoI8PxA
1548,Dcj69NZJnbJhK-YHP_nULA
1549,fpwMWuKAR8joNW1B4N3e5w
1550,BhPj9fLZph1TcofvuTZT1w
1551,b3O3xwwE_IYWmhifHMk3xQ
1552,QGRWoZJxuT3Vs1sXlR7nnA
1553,1KDEw5aOfeu3JwcFhzaj3A
1554,cXWUwwfVTC4eh_ZoYwjFMw
1555,6pajEkMy38qRDsZ4rzYNVA
1556,m3dAsXJKUUsPvUI7JYq7hw
1557,v0l8UJTH-voh9rzI5oSSlQ
1558,4uVYV49MDmm3tunRg6hnew
1559,7F27YUeXPlNi6IgJESkezg
1560,QZ76luDQvdIxO_olkow-4w
1561,0TlROr9wHWTeA6YSgptn-Q
1562,lwBqr42l474HmkwZTvp3Qw
1563,XC5GTpOBIWS5TQjUOZaHFg
1564,sc0JdC6vPv-v8ReBeviY0Q
1565,UvK0yrk6I_ilFqlun5m0zA
1566,HeqCrT5Urumw20nOSYNmcg
1567,9PRGCCI1e6jZ0vjqLBlmPA
1568,SrEPv4FQBUIoQhXlS_fzWA
1569,P2DsdrY5cr1QhIL-oQ6JKg
1570,#NAME?
1571,8GSuLA1nKMJRf_a0xKR80w
1572,yc7_fTQD_Ji8KSl6at4ziQ
1573,lEZkK7Z7frXCEZ_wfgzazw
1574,QC-z7aaU1T75YaDHFFMwuQ
1575,zCrHEgY50cCvoityLJYuIQ
1576,6xRTTUe02xC7uXqGOG-pYQ
1577,TmPADgXsze5_gfTZPZ24vQ
1578,ED1qkc6y5rWU0awhA58JIw
1579,aNG1O0Ty2pjc1oKsNiCFMQ
1580,7GcYkxOzTbI_erqD3XfKtw
1581,tOklSeM0-tFPH3GNRY8gGw
1582,CqBXKaLkE3G_oULKmtTddg
1583,osdfBiaWbc75b6Ctq2nxng
1584,uK1gK-h_69lD5P_Xt9TDag
1585,bCJMollYKcdOvD40Wx-4LQ
1586,yJFbKaLP0xw1r_jt3L2emw
1587,TCzQJXAIvzRCY97joDP5BQ
1588,UFQtXojvTlHyf7Er5-PlTQ
1589,PmGW-cEDJy0CMbs1i2g1ew
1590,Sl9RecuzYvhiIvdLlcA0dA
1591,XEU7LHssvpxC_QB8KfEO9Q
1592,8BHwrcy9Z6qZKlOtL72miQ
1593,6aoTvDDCN3Q2QfvM6vItZQ
1594,sUSxJbtZT9m8XzQ7EYMOGQ
1595,W0H3JIT0CThBBZhXC456fg
1596,8w58aJkjhb9xT6EogePKww
1597,P39ABEy_Zo6qHU1MjW3M3g
1598,XBCMJdYpRMkguwNYrEVlJA
1599,_tLdtkCBoI5-vuJHQAZ3Ig
1600,f83IrEVmC5M5Fvz5ZWfdTA
1601,3Mry9wvddmh_yK47v_nibA
1602,6qkKXWZzPzotFGYClDz0Qg
1603,k4AZ0_BZ_k9LcL0I0HzjMA
1604,cgUd5O8G3qi51gEDRQ6xNA
1605,ODU0GGvOsgky6s1E2Xzf2A
1606,swgnoGTuRcd0duFFan6mCw
1607,bqVHTjMRtNPbYt-zYrE9qg
1608,1BQuyakLWvN39AB8paocUQ
1609,GDOtuby-Qa6I8Q2_YlCgpw
1610,PxC2f1fn6122yi-a9Ftf_g
1611,3jVlIDkzr4EliPhMdQVlyA
1612,eBDqTShfsWMso05xwSdFiA
1613,f6f1fo44wVuuTGSnmF6bww
1614,ai6VewAJYO7dP_8at9Lqqg
1615,La7BQxKy046Ym42U2lKGSQ
1616,0VA5K4tyuEu9xVph5uliYQ
1617,aHo6OehrCJAM228b_2yTOA
1618,HBTNLand9iUqkso5ecMT9Q
1619,YHunAtbwoRn5d2JcDwk-AQ
1620,#NAME?
1621,TeFbQ9OXlSNcxfGWts5mGw
1622,lAaTwX6VrVsaMRgogvriHQ
1623,t-tCe6kwQl_b-YdOk6xeew
1624,QID5Fv4N3IoPU8NpfrIXXQ
1625,xEwFEISIAFRQTSPde4dB5w
1626,mnZXfytJfrCVGQUve-cFtg
1627,NLaJidbrx7zvQHskXWXxjg
1628,i4uDmsc_KBRWMYjuOKFf3Q
1629,Ba6gWmGQ8jcvW5WF4jr2FA
1630,XiRhFbmELxFU3HnfELYJHQ
1631,Pac3UgtAzzkCm2SMEAeXGg
1632,r9sl5X4co-jk3ZpINFaipQ
1633,ie2lV0I6eZUFJ45aiYEvsw
1634,xlMQBBt9wrtahdqiRDcVSg
1635,GXFMD0Z4jEVZBCsbPf4CTQ
1636,VAeEXLbEcI9Emt9KGYq9aA
1637,Zx7n8mdt8OzLRXVzolXNhQ
1638,oIH5YWPy_g61YXM6R900Wg
1639,63wsqoXuGgehnuGrTW4y7g
1640,C9K3579SJgLPp0oAOM29wg
1641,S2n_06z4lGLZfdJ53XAXQQ
1642,PlaECqs3oPBRo47p85zkzw
1643,1b5mnK8bMnnju_cvU65GqQ
1644,0uL-FXY1M2UC12eZcFlTuQ
1645,gVU0U7gNBMQxKTzqmRtdLg
1646,3iUCCf1FWmjlFbGYvBgf9w
1647,6Pu5MKIWbn6FO-oebSSrYQ
1648,2OXCAbz3x_MrQSYj1zarIA
1649,IJEivHHf5A8LzXXOn0o0Nw
1650,nQeu2F4xOiKoXIp-9engUw
1651,4szMVHmGXodrVGw4Zhev9g
1652,GST3wg-wej15vHeCvaXE6w
1653,3_WGRjRrnZX2b4ZVpjmL6w
1654,9w-LZEkP1hf363G-OYvKDg
1655,w9grvGu-5bHNucOeReHzfA
1656,4SRl5od0lY33oK1GMbA23A
1657,yE1raqkLX7OZsjmX3qKIKg
1658,ALK-7tTvDKAzxAtIiNyh2A
1659,5DJ2sDvM_XRndlB24DnxYw
1660,VGzkEiZz7gqK_SYW86GlaA
1661,931Xzzxb0zOMj_6jgPJerQ
1662,Jzb2IQSwPfULWzdl9Bq5fg
1663,TSIQyKAgz3pwIBQisP1aBg
1664,ny4I5fE9rGSC5toJkQqgEQ
1665,ltBBYdNzkeKdCNPDAsxwAA
1666,_nqrmx5xKLQyrbmjhwiiuA
1667,4HE6POeYQtB_k6ziyRoqlg
1668,v63vLjagqV609L5NweBJ6w
1669,MXTV7gLn1GcgBIskfIXwMg
1670,rx4fcNjuqoaEugMPq5PBfw
1671,qnOffBt8iV6umLvDZ5PNDw
1672,6-5hbU746kMNgim0YOOg6w
1673,IhrTLL6az3q192ik4P05IQ
1674,AVf4RO3bh2AAoZeCiPTQNg
1675,JWqbjm0wtbbciu_Gb6Eqyw
1676,2Z8YwDy6fUUTFFSSNXbLBg
1677,8WNQxb0CiROek9SW7PopDQ
1678,XrikSy0DQ_fhVCaRRBJI-g
1679,HvBLY3-R1KxocZapeAAvZQ
1680,6FX09pOrazvGT9s6_nQ7CQ
1681,avivi8rQFEaR9iH_CZ1iBA
1682,XqSLir6xs3I6ntf-xIQzrQ
1683,L3IMug1NZOITEwNoDz8JAA
1684,6XuAOz21oHvi1XMSvUorWw
1685,LypmdJ6FEWP6Cnp_T3l5Ng
1686,q18MyhsVqVPr-1Luz01vdw
1687,pu3U17gCsYJ5W58Z8xrQhA
1688,XtVXzzh0wDct_TtDI63hHQ
1689,agAWn4yup3-5bJM_lKAG6Q
1690,CUEiz8yZaBCvl7skvm9dgg
1691,95VJFaTk-WxaQR8PS8JJIw
1692,Bvig-HbRMvrx-ibZGOjyVw
1693,PovVU7VpKyNXn9frPMDOEQ
1694,WanwP4ghgWl2iqY5r3jCzA
1695,vYJoYtOr53X7WVTH6Z8dpQ
1696,bJ0KWqW9dthK_sHJEwbKXw
1697,BRv5b6DmzuaLKA-2F32iKA
1698,NABeQsT851cdSUabki7bmQ
1699,59VERyBAf1P2D6lrPMwC2A
1700,6nwG5406AsgPVmcBdjfhvQ
1701,GD0LghhPqkpp-Y6MTNGx3g
1702,EzsBfThs5IwuImgAbs9srQ
1703,QZT1Tdnu1bN4W6I5bw-wsQ
1704,nQs-rvZeyCKsJkhBgDPb7A
1705,6bKE7lZ3RmGLj1CpWvlREA
1706,6Z05wqlXZhzJtoN_WoA41Q
1707,QaeBboU2RTJYBkcXikYG1Q
1708,rAmgoeSdTE6JXJEV28RYhw
1709,o5RNpq_WPUKQu8xPGO3WvQ
1710,fXhNJsbLTtBe4tG7WLeXyg
1711,y0oSaQnL5GR5id5E5p4TVw
1712,HY7NvKRN90SEWhuRPLdQ3g
1713,eghWuDXOXAh-VDnkrCVmwQ
1714,X3hQteFzuRuZI9lLb601UA
1715,HTh4HbITVmhLSq6yJsFebA
1716,SjjB1rue7x5FzYrCXq1kSw
1717,rlwmNoIw4LQJidCqQd0z3A
1718,sKFnMmpWp1pJH0Sz1G4VOQ
1719,OPnhEvY6c8Nn5oJkXt-dMA
1720,yOBYgZa6X7bUXD-pPpFawA
1721,A1WYVgyUP4g4mSYlJpsohQ
1722,9zZMAKPZBrXjQM5B3pBkjQ
1723,BHL6G-ZC-TOFybFDoxsjrw
1724,zDNmm-WTxGXnso1gj-UsgA
1725,10WFCX5M4zb9yRHeYryXmw
1726,UkcVLyNrOq-J0luhN0fNfg
1727,hs5szIxuHQBvqJr6hAP3nA
1728,jQys4sW-9j0TiC3aBmLYug
1729,naWehBQOvvvp_dqUDSXjAA
1730,y39IBTZPdMF_f4VkEjYlDg
1731,8JgT4Uh-WFoiJoPW-_3Izw
1732,Efph9Hcqf9Z-V_oTZcTWUg
1733,Gbn5AXfeoXy7WZNj7qAaKA
1734,jBpNd-7JqGp9bSol5ds-hw
1735,dcHgbTRL-6B24tOPJ67NWg
1736,RucjyhLr6QiHdlQH1eKaoA
1737,UkL-N9-lyzb_xNQ9IaN_Hw
1738,K61sxpb0kvkkjzr_CA2SwA
1739,HdXn1ckLf9yatiaLn069VQ
1740,BsI4K3hhrygfGD1Lxz2Rpw
1741,9BEpjfvC0qCGeufXikXF_w
1742,8LdL1xJwOE7TXHTD-L0vFg
1743,hkTnpSYCACbUzgya4LiwZg
1744,FE18cz0btYjXIY9E8fVVMw
1745,HeieXG-dNUTb9aRNP-tPxw
1746,5aSSRpHN_Wjp_DQ9P2lBRw
1747,SOOgka9meLUVc90_A1QaOg
1748,dwj3VN7cl0yIyhDSCMIRlQ
1749,D0jKiGnkGEoajwsz7xNU7w
1750,w7H6NvUHnGBBxDjvjX-_pw
1751,0RirIkN4gy1UJl-1DxpkcQ
1752,94Dyxu11n4w-EsavoPmS1A
1753,4E4ALWO4HEqx53Vk3LjlpQ
1754,iXCIXdFMP8ZkKXWVqOoH1A
1755,8oBq1M2FIzy2TwtB5aMrNQ
1756,MMgXGRG3xccIvJ2lbEMG-Q
1757,cEvKuTcYnuUsqt-EUXF1-Q
1758,FF7LhG18K-urkTfeUP6D0Q
1759,E65NEBK85j-04v5x7r9Oaw
1760,ZnSJtpUrnUtp1WjJ4q8vDA
1761,vtzvSy7t2dI74pcYwaU2oQ
1762,eBHVSTWIELmYnsoKhTZdnw
1763,Giql5BwKsINcMGAIl-eoTA
1764,6euSGeHsx6wCE9dGMHJuJQ
1765,3gYUnrPDzty3Y68SqEngHg
1766,amJ0MbBX_LsqTTtYVH-e6Q
1767,Qp--amv8YhuSZg1VLSVDhw
1768,lxREJWksHlTX1UzWV2gOeA
1769,nwI9Qu8Ngpc8ORskRIB0Kw
1770,UW_J6p_R7UfIyd3LYVM-uA
1771,O_J2HEIEvJ4aizaVh9UnXA
1772,OTjUMIK6fnLoTPoaFIydzA
1773,StnJ1EeyMraqkul_jBivhA
1774,o2SZ0vaoaUXeO980ti7JGw
1775,h2-AZBs_ESvBiMYsVV31Ug
1776,YkA261hOcqR1Q4F2KqCG0w
1777,S_ARXD0rW6Pe0tGgdxe1Hw
1778,OwFx99t6f8CZ3DtgriPAQA
1779,NQMsZz1rFQMNjbbadp49lA
1780,dSHpHTYb9l8RH_9ZFWiMfg
1781,h_-RP_Ngsl0K_PygKCUwUg
1782,dkYYPnj9EdHePYPILF8geA
1783,DeeZtno501CSV_waCWaq-g
1784,9MVKjEMN5T59uzG1xoD2BQ
1785,NgDyxaeItFSInv7J5paGLQ
1786,cTZmf7B-4yciMc1WKiCVOA
1787,z6-reuC5BYf_Rth9gMBfgQ
1788,iXV2kGGyXJlKM8JKek-HNg
1789,PxTKXsdYqoFHWAG2amz0XQ
1790,N5B7OBTyNGgwU_Y2fwNcyw
1791,UVyPQEYavZuj_CBarfWeFg
1792,S-oLPRdhlyL5HAknBKTUcQ
1793,SlP4ZkjQVsoHU3uCDB7xmA
1794,ElWzx5_fU8S2G45OnM-HpA
1795,yNPh5SO-7wr8HPpVCDPbXQ
1796,vjaHGc25CcyNPZTbjDa7Ww
1797,3C5Z9homtzkWHouH2BHXYQ
1798,YPavuOh2XsnRbLfl0DH2lQ
1799,KDh82ODr4adz9ck6ltQ_YQ
1800,plWuv4gda7m0KlqCNhrb4w
1801,0f5NHsmf7voKaFxjXmvfQQ
1802,uHZDCuzXrgWBKrGP7JVPmA
1803,5V8O-vas5A4XGWqxsJ7GBg
1804,9a3DrZvpYxVs3k_qwlCNSw
1805,_iEl9sCLsvXEFHUWPvgsAg
1806,ZCzey5aPhd7jYIoHsUfjmQ
1807,Xg5qEQiB-7L6kGJ5F4K3bQ
1808,Whdb9vtUaeto9UdVrs1Taw
1809,Hczhdd9PMny1lYX98Ji7bA
1810,pSQFynH1VxkfSmehRXlZWw
1811,MWwqWLoUKQNVm7b_YMPn5Q
1812,v0pSEJhTLBdyS6gmNrHccQ
1813,T-KniGykrZ46ZC9plOTspw
1814,_WvEXsx2eZ53lTWHlIx9kg
1815,TbJX8nguWtDNtZy4iSPxcg
1816,lody-V-zjxBxockQnFq9SA
1817,L2p0vO3fsS2LC6hhQo3CzA
1818,0859wfd1BQHG46Zpwhc0ZQ
1819,HGvNE87fvK5PwKMZBDkTbA
1820,frCxZS7lPhEnQRJ3UY6m7A
1821,X1-AbThDu9tmijcGnsi8Ug
1822,JWjL6WTeEIdGN0vOGNO9pQ
1823,_e3rChyednoh47n2cjGv2w
1824,P2GBKrx7dJg3xeGtuU2K-A
1825,lCd20nDS9rFHW_2KViqWUA
1826,hgtLScZVfyxSg351g0D0dA
1827,FKj6537SERSe0SN8yI7-gA
1828,6Leb5-5Wl7OfPM12LaFQeA
1829,NqOIzr1FEzTIhJm7Ign0yQ
1830,#NAME?
1831,J07TDs6qnTIaxm48EL1cKQ
1832,6Wc5DPXGudcNi2XK7QfQtA
1833,QtxTLatcq133Pfnl90ZB9Q
1834,ym6D0tnzuURbVVEJR9tZVQ
1835,CYrvoCpqPlKk_59dWTE82Q
1836,rrfzg5QVeWzUnHCWijxC3w
1837,sO84ssUQAUyaFjj7OUGo_A
1838,6R9iwa992hoFNALykxd7_g
1839,DPMdKQsnmZVW_izVkleGZQ
1840,Ya5A-v84Ue9yAv8Crahc2g
1841,HISXfaqOlIldjm53a_rLSg
1842,lXu0CRgcPjrr2V1o72vGpA
1843,9bxIwGt8JL45fnC40Nhf_Q
1844,Dc8IIcRPi_c0dpkDEgPR0A
1845,1GXFDukR45jwuvPCoEhTGA
1846,MAVg0WScyhRNpr5pt8z3-Q
1847,8jRz8aCWMHuBi2XHwJNa0Q
1848,etCLTeQQz30BZD-L_Zs0Dg
1849,J7AyHmDDtdDwbmtkb_mZyA
1850,d75yXw6AP-I1E-uc9VodbA
1851,xER9XlqcrAzwA1KUwK2S6A
1852,twXC445faY5iB7zGKgIfeA
1853,rsl8JsuvE5ahloET_OSteQ
1854,YZJj5N-m6w1_N78rSfZzNg
1855,iTOJ-tlRUV5col3eAL0GkA
1856,ppd3vSwr5rgpREwvJAJ3zA
1857,p2QanZwKsUQkaF9Zz7W3Vg
1858,y_izlRbKox3Cu2l2g2jSlQ
1859,2rWL2ITh7awxWVLaSKbrNQ
1860,3Y3zo3t0_sJwYBg5km4UCg
1861,c9KPtGSYK9VD-2ysXCJXHg
1862,#NAME?
1863,pbUrHORaf2mNcj_YYAT5Kw
1864,QQT_X_17mBXIObFCDOIY7A
1865,j6T9G0dEqQDn0eoJaC4r7Q
1866,oLMCZtKNqkwt7VwlA99Vjw
1867,CgI3tKTEVXh5f5Tb9mGo-A
1868,1b7VzPKVn5D9uSaV4I__lg
1869,pAIAExNekBDCCv7i_kzMQQ
1870,zSGi4RXddLdZ28QfWSeImQ
1871,XQpOadMk6Y6onSfvb7qNSw
1872,R4MCGC18pBfm4bPn1XiONg
1873,I21g4QAmiTqJE1F7Hj4pJg
1874,EFfI3ddg12LK3uIKv26xrA
1875,FX6rwBH71KYtERbrMxPhFg
1876,L4vVDTfN_eqh0-MilCvLug
1877,N9jaUshe-zTISxhlwAmfJg
1878,pnt2AQuGUFP0q1t8XU6mhw
1879,Mxn822gLYwJp128pbwu3hg
1880,afoQr3drIs-0vbh42O0Ewg
1881,_ETdCsSQ_M-B5x-Vr9tItw
1882,N8x2_OBshLNGdcRp1ErhNQ
1883,hzIRye7Aw8D9ICxKVe452g
1884,9zGHrkw6fw_JoJQ55r_poQ
1885,jP2CUf8f5yPSbZ8nQ3TKCw
1886,lDntRZr2EEev9B9mDLDyPA
1887,99Sqcd1ZEA0bPSY1rJgjGg
1888,F1mooLoaO665rNr--CZlNw
1889,d779RKFKhsXmIQ3lAQVEOQ
1890,hxrUV8tJf1MwZbs3nYjrXw
1891,IZacDqIFMZDxFEMhjRqkwQ
1892,1adq0cIoLwFBQeFpaBAnIw
1893,UgrqFYXtADtD70gyEkb4LA
1894,w0vrcHH36Y35wj7o3eJ8nA
1895,LndQUZVwFslE2_BSVMgPOQ
1896,BKkFIWXSIekxGfUTtEf3Hw
1897,assFClF8i84Xeilk_N5BqA
1898,SjLKOuH7XkLphzUTTAv6WQ
1899,Uk9-7kdKgBQ_N93v_WgUhA
1900,J4lY9l9LsKWBTa49cY0-mw
1901,pJ7Jk_fNcpNpusEHikfn8w
1902,WNwgSTmhG2Up2XwJSo511A
1903,tSOonm4O0gZtQP9nKLtaJA
1904,qBTaRP58SOvUy-o_CEG5Rw
1905,-93uBoiVyQ2ZPABERT621w
1906,f_8Cbdq9xEtdhGnuYO7-Sg
1907,qhaM8V7hXIjQRip0GT5LHA
1908,HRCSDK0ZaPgQQOI9WHkSEg
1909,e19D4hqxPfW_YRGO8VrA_A
1910,p4MuaQ1f8_uxbg8OeLOxvQ
1911,E5JVNu8pcfCLze6VNhzphg
1912,fnZs1afwT1TU3w5vSVQvAQ
1913,OdWVOCMCWGpD_FQ2kqtiqA
1914,xrw7X-8aKs93paQdMeQ1Og
1915,G_mcafYzSqtKOy5KlTN2DA
1916,xBVvaXs1bVsRm5K-mf_aTg
1917,8gsJbKQXxja5FSvO4qUD-g
1918,LI3VEiye3XtQzVXZH8XLdw
1919,1hjazVsXqcNVyi8iNMLmyg
1920,wEisEZAoUqxuL5Fa5U817A
1921,E0G1luZa9aZzjJP-kc33OQ
1922,06ogfB9kha-2Wi9KlDa7ag
1923,9548JKYa6XyWcg9sKae_zg
1924,eXoPYUourEaS0-ywt8YJIA
1925,MC5A7ICqUjwlmJP8oSIRiQ
1926,ADYPzTsUSdzywGwuQbATqA
1927,D91aWNBylyCuAxSz4q797w
1928,6S3_kI1djIqXKjmXJ8c6sw
1929,1NQPhck0eP8CX6ObRiUlug
1930,NuMqdGDXT6iMHJ6KUEtl2g
1931,Hq3SK00bFwKa3OVQbXPGrg
1932,BTneLNd3fVYXgZEOPSRjMw
1933,9vB7qpROWMh_mxJy7WUhPw
1934,Ad68N3Ig9HtYgzimFTGDtg
1935,5PF0zJx_uPjnEuMdCtGYjA
1936,Yg36sXRv18XQAHahhsARGA
1937,Sr4yckFP7PwLZugWMSB6IA
1938,6tVWF5oYg-11tmRE_kPGag
1939,OBk-UwYsYgzZGppOSnRkBQ
1940,_0q192P1FJTGLPvm3bv0nA
1941,Vm9XFTnRn0v8m6Mo7pGePA
1942,t11tKreZJqyaF8B40C8fdg
1943,FBodSXIvfh_WbrXQ0vzBxg
1944,xOVAnOqw7xlTOWmQsUn8Vg
1945,9oylkV12-1YfbeoIZ1g-xw
1946,CpOSh0J9MFJMdWkb7GN2ow
1947,wiTfYl2RBnoRhF90-Rn7mQ
1948,kG2Er-5X8rabfwFzMtdmBA
1949,kG7tejNwJddfQOrf1zrclg
1950,tvITB62sjEqc1OfVbiLQLw
1951,32VIjM8w_zOjy9spBW8_4g
1952,#NAME?
1953,B--fSz4A7l69QpBkbC3NUg
1954,GlRXJKok1gjMtALA3MZ8VA
1955,tbo__R-mEorKMd3Qz47gxA
1956,0UYCRf27EjTdWSq9j_YuWw
1957,nvzx9w65K1Lhip5-uOaJyQ
1958,4vYYJCkRGHBXxPmlYuvsmw
1959,Y6wi1Dl-sHGOOHMq1CRO1w
1960,hI6Ftj13vXOSxby57DAMAw
1961,emIw8zjs7FUKz3Vxd8RkZw
1962,PeUdkWVQOL18-IpC5kk65w
1963,QOJOUH5mF0NYjVNeeBmIVg
1964,KtT_TmP86dpNdeM_ItcxDQ
1965,J2tGvGGPFh12EcVBpnHOUw
1966,c2Bfa3y0VKumU1KfvKdYfw
1967,k4N0XzSMb94GvKFyw_Kl-w
1968,hU7aRYkYO79uG7uTKRnp4Q
1969,NitfsAz3sgLFHg-xdtx6Rw
1970,fMCZg2fC1-2B567zyAmccA
1971,tQPO8kYMGfvW7AMdxvpRZQ
1972,8OMIiHePIDcmD0nx72Pkmg
1973,Y3MXJBGKjg7neqTE0XHNgQ
1974,Gng9pRlahuvnHlBQ4ss7dg
1975,vP7azRgNxHtQLNFjZLFlLA
1976,i9nzaAu33hRWrnl3qIX55w
1977,2kKULu3rkQ4Vc-j2CJS-Bg
1978,OKclR0HayjYYhWmG8cxj3Q
1979,XIMv2NVJ0yyk9Q9qQXBNWQ
1980,7Yli_3vbagGgNqnV-qsD-g
1981,lzN94veTHgf8k5nZjerskg
1982,o2N8dQpMx3Puqv0KjbVYbQ
1983,mOIS-n4z2hHM-tvpXGUpRQ
1984,Ic3ImCI0KvOCwrZVDtkLFQ
1985,M_hShuDMxxuN0QsyrVUyBg
1986,LAdKnkcgb1jNgNalaZznTA
1987,JeIdV0PkDNHntQNZvMT5Ag
1988,aNvB-zyDq_yChSg-r_27Qg
1989,fKu3ASZY3acT0W617klc0w
1990,hyPEv1IZWVVHju1s68I3kw
1991,rygrBbFssCHM07hnTHcnYA
1992,zoPjcKX92x1M9SLJZkmI3w
1993,hRXtIpCwnWzMr0DD8Wjeug
1994,CoKc13YyP6Ub9ebXZ8CPYA
1995,eg4HmVqaB2nLI9eKamaoGA
1996,ZI-IOysOaZJWcz-IjDSgWg
1997,yJtRjLvYhdiFgLn708SCSQ
1998,UUq-CZ9vnA1D4rGIYo4v9g
1999,KTIH4vp8q0K7j5yzRfkCMg
2000,iSZyRBDkVk4LxLuPAyS6CA
2001,ocGZxmqTuy1ERVaCJMLjYg
2002,xYhoR2dC4U4Amy39JAVe0A
2003,VyDOl7Gw97aR2f70BkHU0Q
2004,NqneWcz6HkR1LAyfOVV6AA
2005,eMqd27XrgfH5__kQa1daIA
2006,Kf7Y43qxatu2B9Io9UIdfA
2007,z50vKxwtkAf7VeO1hIQLcw
2008,7OJt1uN3oNM3Ctd5m4hxxQ
2009,J3W7dK9cb1py-YQMA3ThEg
2010,EFmZYJB49-XqN24F9l41kQ
2011,70rUSllqbNvGpkrv-46Cjw
2012,3yKRMi_BWt3yuR4QM4kgqw
2013,kSbmsvKqlzVblLqN6OD5Ww
2014,oV5lda9c3YT3saY3iwz2Ww
2015,RBKakrIOpsKwKGZXTD2rLg
2016,Eo3A3ddMQ-TNRvFCTPOhTQ
2017,U1CMOyFMbUweHsuWXuL3Dg
2018,VURVld6HndBhhbYbFm5noQ
2019,myoaFyZ9RIG_p2rkOQiWlA
2020,Gq-zuD9u8NLb5ig6qKwVFg
2021,LwiOfwMNDndIPm3QSh8wFQ
2022,weTE66GM7sdq75BKnwSV9g
2023,6CDgc_QXImPBRKBgoFcBOg
2024,eFhpQCpS_iCdZ749f31-zA
2025,#NAME?
2026,KAuJTNoSRKQu_pLm6cAYeA
2027,SnNtKN4ErnhStDlBUxeJ5Q
2028,mEJuCb0AAeukbrTeth0tRg
2029,FunQltgRqLXy7eFqCjCECQ
2030,Dh-Hv9F4MO95g1tFL5QhSA
2031,6jihTp9mE2UsdC8NzPb2_g
2032,ckOXxP9yhPPEnJ7DNdyKrA
2033,NJp96Z-YMephqQQCSvu8DQ
2034,pXQydvg2NsLmw0fH0WptDQ
2035,BfMBB8D9-82YXQo6HDsoDQ
2036,n7I3JCkRcJr5n31-J_JtNQ
2037,VBpR00rBHev0vguFUkXP9w
2038,dXx0r2r4Bs0wSZhnEy1gYA
2039,p-fml7Ev1Akl07JHZo17tQ
2040,LJmtq8rij8Wlq4CZjFgP_g
2041,#NAME?
2042,bGzr14clpPAj7zKCRTp9sg
2043,D8SfFlY3XU05fc5JJ2T8Vg
2044,lNQacLdqaAWKOSk4Gfyazg
2045,B_Qd_Z6ZQWZju_889gvjog
2046,FdvbqQ51-vDK0kZeawYpmA
2047,xcpZi8xMeuZcjRoYlWKdUw
2048,VOMhqVkuHfVOAJgC8O82mw
2049,eJqL5Sb5hgpAgZZK8mZxig
2050,WRdqUCXBwh4dbsBBsVQV3g
2051,uI2uMXMSffxbLBCcZ7iSQg
2052,6sldaz--vzBmClHFUlXBFg
2053,MnK_pdt4JdF9d3HTLzmqqw
2054,_MLKlqywivfRJNIkIOEBBA
2055,n7zObslVoBsLEgfiIo3SdA
2056,UQtJu5Tx4C3mz4OBcsA_dQ
2057,QojIuqVY0_HsC6rzfCKJeA
2058,1VThiW9cH6f7r5jM-Jrs1g
2059,4HA7BKQs6kACcLPzzA0nCg
2060,9PVEP0DgcX__i5XjNpxqIA
2061,QGZONU5k9HpT9KiRtQdYKQ
2062,T6RjG6q3Mpvls6Mt5ZqRHg
2063,dEk9JIf9eHPCOKAMffs9Og
2064,dab1Z-B5KnQxiozx3Ee_LA
2065,TO_GitXJmA_kgihqMZ-0Ng
2066,ONWC-Z_RuJaRrIjbw-tGGg
2067,ZH6Tj2DY_ARtN4OZQbCB8Q
2068,1VV8wL1WP28L4sZrZoueaQ
2069,0IOrv41ojAMvd0zqrxMhHg
2070,KYVBagBhXLgJzROgjaO4tg
2071,a2gi_mYKWmk6l3L5ppDWHw
2072,ZDYdJLi4XoY07DrJKjaTOQ
2073,TKIdb9xKBLltZTfkozJsGQ
2074,Ek5oUf3SZxyVAj5zOfVJHg
2075,hefIuxbpUjAYD7nJ7QNiGQ
2076,79h5KMdyrWfP8CoqwY-CZQ
2077,UymNBfvZrVTMkIcp-BJvtw
2078,34q1Hfuh6QqLP-BPuxN_mA
2079,fafGGHMCo58hr4sxsYa5qg
2080,Ake0GM-CHUZV3V1Jdmet-Q
2081,bDIUhf2LOzN1f3waZQF-PA
2082,o_QPi619xO0bBQXzlis3-A
2083,S31gvnVvtE_9SXdkjVSzlA
2084,YjbP1m5lGTQmQnMPH2TRcQ
2085,5nPMvuJX_kEwnYz0M1c4Rg
2086,nRLL9tf_d9MNU_2aUdgPNA
2087,hzz4N1s4K13jf3pTaz99SA
2088,1qVOiuSGnldYG82YHq4S-w
2089,j0YvcUGr9VWsbvVpdLGUJA
2090,PBHuAnQa-qK8Z2IUOJcFOw
2091,NiaFogY0ctlnnLM889EFGg
2092,xg7OHvNfGZH8mahsXFauUQ
2093,UwqfYwiOM_ornDPidGVzPA
2094,mrrwkwUj9D9WbFWqv9ZVuw
2095,BOrgrG3qN6ZTKtmhoJsHig
2096,L9BGV0HUBR1YPXZuT0f5rw
2097,hK4kUnYivWvVDHjc6-BWkg
2098,NRfDzT-r3X-Qccq-IlSvoQ
2099,m7Tq7AD47AaFVBHDEg9u7A
2100,Gk7276TSMAJwX2nO3Y6zNA
2101,KCTGvoMHom2BC2eqDo-H8A
2102,2ojnUvdmuqWW5EuH3Xew5g
2103,dMUv-dziQtYJ6Ca7q65XPw
2104,oiV59HR1Js_-rfIN8UWtUw
2105,HgCP5q6wo25V56Wn0MhirA
2106,_-ZBeb_ZnIQ0hiIFWu83lg
2107,QKXjOY3RvzqxBkQ93M7SiA
2108,xl5z8X8TPFJmGwSn8ipBAA
2109,6oyNZuk7nCCRWYKwh01_Jw
2110,YfRxjH7-pw44hzKiPG52gQ
2111,D7FqJSI4NVxp0hc5hot3qg
2112,SMoB6ALX_MBBSi-VavXWmw
2113,V5Chvw7Ff1H7nJ4anBGZFw
2114,eVmVkr4EaoD0T0DldsQl7g
2115,9xZtiSKSvuP0ETl1hT9mqQ
2116,RiDwchhDVVljEsFVu6dU2Q
2117,Sr1Y39aMc94CKblyJBPvmA
2118,2U4Egl45KNui0Xwn0pgLWg
2119,K5ESVCjtXfESvoQSCQhiRw
2120,OZyxZN4b28N-2Nezv8aaOQ
2121,ulUnZmW8lg9_7xV-w-T3yg
2122,NXHW9lTvBYNuf-mWsu8eTg
2123,OGdX71POVXBzRlLcnCWjtw
2124,H61GvE_VbTXtQbEgTPLchg
2125,IRgsYIVjSZ0u2nm9gEqy5A
2126,Y8_EtDceOKuwya1JDeJGjA
2127,wVlxPWwFL-MrzCXim-UfWg
2128,El7ZdJjv3DiazbuMo4JUEQ
2129,EDMdszlXpBrP-sY-h4TXGg
2130,D9USIgB99wIMUVCH1YIrRg
2131,9lfndCYryaRMpc9uOoP9GQ
2132,s9-P22uuerSb_qx6WV7pVA
2133,k1ROSfBsw9DPGwvYeFtr7w
2134,L4ieX0R063RCfgMF2A5IUw
2135,8n3O615TFxB38SHVriGJcg
2136,8OEJOPdXTSdvLlqjg9X_Uw
2137,Vi7Qih_iAjq2BeVqdF_VFQ
2138,R_S9IPHQUFoiSWLK2Z4CAQ
2139,OMF9EFdNGGL14cn7x4nk4g
2140,rN7CPGYPgzJZMpHeggA_vw
2141,LcWKb-GgnlfBntUYh1VvGg
2142,PDe3P0UXCi0zg3rMfJRuXw
2143,8czcEaq4gpR9-Akms_-nSg
2144,0GEBiXjxVGLJAA-sULAuxQ
2145,d43Mko5jODk7Et_ESsYndQ
2146,Qr0MnUz8IKt8_1lKvXz8mw
2147,FZin7-oyyVdAU_zp69nBKw
2148,NLV0ms2TS3beZwcSl8KsSQ
2149,Y5iX1uH14RcEDdHXYETC8g
2150,#NAME?
2151,DA3Kp6EUIu30hArcA33UbQ
2152,pl2Shvm176zKY9IIEeeFYQ
2153,sj5zUO8vuyiSQE1HLd-oMw
2154,E1pbhpt7xpsmN4scwV8C3w
2155,5F99p70hsHqVnczJVs22Rw
2156,LEPOZidcN4qKr_XiOotTaA
2157,EfYS-pGZi_-I0c8kwLT0kA
2158,ftZ62PE5jqSx1OIIpDbh8Q
2159,q4oN_ldabzS6s8n50tlPaQ
2160,tNKeeIF27W1rbGSO0XSKAQ
2161,R1cWYDhDCq5hIxKa8bKTRg
2162,MVAxCOeQaHn2Ne238LUvkw
2163,nb2NeOHk_PNPvlbvHqRr2A
2164,0VNp227l7uZvaPn85IlOIQ
2165,rxOZpEJS2dbvkJbV65fz7Q
2166,Y94Obts1Xqml29kn80PQAw
2167,iTi0fcU_dUDn6RET3Bn_aQ
2168,b8VJtijPFIrpF3XOPZ7Xww
2169,XRBRYD_9XzearlQWBOB-EQ
2170,e24z61Mu004KRaFNaP-36w
2171,sB9faEfqxKeDC_YtCuN9Ng
2172,aSBsAawEJMebT8F4oRTKYw
2173,iC07-jSfyOWxKBqYH658kw
2174,aQhim6-uwM1FNdswm13Dkg
2175,QmjRn1wINcPWni0Ko40xUA
2176,jTTAbX0weG5UJDfWy9D5Jg
2177,U2Pt8UhToUqjy0BdPslUZA
2178,crrC5BuvlQrSSaslXJ2NSw
2179,xj-q4cgY0UE2x6ITCc-0XQ
2180,xsZJ_zPtqQm3nJHunwO_Wg
2181,c8JYbi_BApMD-G8aJDLJ1Q
2182,zdqTprvWlx39xb3Pc39gQg
2183,KU2Wzm1FLJP5h7M59_2Zmg
2184,pfyNG7R2Dcc0iSf5R1RaCg
2185,f2TkM9bmBuSSo6N76E1Zog
2186,lHmW-0drUqt6C-Hb6J5G_A
2187,HQaY6L5aaxYQLImoQYRYHg
2188,Hlqe925P0d9DPyktMmdvbw
2189,tLw4oPtTKbjbgCxqLcsLtg
2190,Qp11UBoTQ58sFoJp6YPrBg
2191,ONCV4NpDKjfQwtW3bC4yFQ
2192,0pQ83oRo4zD08WXdZl832Q
2193,SUs_GvO6jDcbsYhHFY74uA
2194,wkvsBjv6S-hcAHgXb7XstA
2195,OIDyCXbAm5lC7XCYPIongQ
2196,VadlyxjbtY72sayPrw0ing
2197,ONPKOX1HBi7N7zlLPynWjg
2198,i-5idxuSe775AJ1bLaWohQ
2199,yxLQzLYDLhJtgpysFLADJg
2200,CPMcCTjvgFJqEM-bUDs1fw
2201,czcr4d0cfYGFNMDREswy0w
2202,2Sc7ZMdzL8u3f_FS6inDVg
2203,IzjQcm0m-fZ8gZvPuKYwCA
2204,98i7iJ00xIm0qDytcrQGMA
2205,7GVAE88l_dPdB2FUsKbdbg
2206,jvqChc9yXhWgp2COXq1evg
2207,A6gxh3-1e8sH0YNHY9zflA
2208,4r0HXvSqn1J60bfTeIry5A
2209,vpFWpF_850qRnSBjjkEnlA
2210,2aUiH4B5KkqB3IHZGWX-lQ
2211,i_VzBGEYaEPwqzXMbdsOWw
2212,zz-q2KQoSa2V9I-B_4c04g
2213,1oEo-yVLNotYKdw2VhRhZg
2214,xoAWebXxXdfCloKmlcvVPw
2215,#NAME?
2216,qOFNKc7YK9JCjD032eUxFQ
2217,wOEja-baDDQdPp0AadbGLA
2218,0rhsnirsotShh-Uwkighzg
2219,TAJPJdx80Md0Hz6tT2DgRA
2220,1VhIH-dCJvK45uswIbpRQQ
2221,PkJ1ZpaSzCULgHWbJpny8g
2222,V6pVGYDQqxd3uvzvr5hV-Q
2223,PMTQEJ68xF9Isv0_YFRkoA
2224,sRFJPosJWwRjcTX9aDxjgw
2225,_B1cUndZBV_6dkP6Veea4g
2226,y77lbgy9dXh4qzgpUVud4g
2227,JTWByBqrumLgyMXF9xfwyQ
2228,jF8FWPVmZo0gQfoaetIQHQ
2229,V-2syfCEnNsjCwPBknk_qA
2230,VsLOsK2GealJXcPrHX2xOA
2231,tqO43WlXrVxAeTZWnjRSbg
2232,E9KT8adm3JKWkJeijBvk_A
2233,0TofbTGG_4fsM6IWuhY6yA
2234,i6OG1Q4ChGgG1itsE5od9Q
2235,VvAajw97mnrzda9dBFGHkg
2236,kKbsR0rDx3C1fv8R9kqyCg
2237,h3Qi4Z_qFCsQqWGewks0Qw
2238,afIc_2YyBFGMIALKVQkiiw
2239,uSQOX4hUmSvaSDJji39zlQ
2240,078AsmQE5Lv5Ak7_gkW0eg
2241,ru2mu534dV2oC75KuqsSrA
2242,yvo4imNpbJYQLRTUtmE3mA
2243,VVNAnKUrCr_wt3C71NhthQ
2244,9-gVbPxewDYQneVgK6muZg
2245,Pv-AzoyBjMp5h6bXmix1fg
2246,T7WgyTzj8AbQb1mqkbjKYA
2247,mqnj1AlqHC8kfm9IvPKMlA
2248,eZ0Zf-SrKVrdaWKZNgYTLg
2249,eqs1ZfW63dhMc9MACpCraw
2250,8IHIQMwMF8dXxH35_XMtlw
2251,PsBjizM33y9aGat9fd-3Lw
2252,3z4DH9A6pVKKemIkPWZ5Yw
2253,SbiJjExGRhBYSRfDp2byRw
2254,Y6j7HNE7oWKgAml5fzmSCQ
2255,ran8nCojVYp46HhJCKzLWw
2256,sUCTI8m_pC7xrkZS_-YQ_g
2257,56o2xXbCDxEkyI8eUrOaIQ
2258,QkTtWWkqpRAppOksTkfcnw
2259,c6X8qC5GD4dVknb_BSRWtA
2260,_TyTeJi9hawS6hM8y8Pdbw
2261,ogapTcuuutHPNZP5Ngc-uQ
2262,SEjAigsYLf9ZjMfHEZLHXg
2263,9FNGbF0x49s1HPtH4c6G0g
2264,fBQtioJWJbabsGNj5mxDaA
2265,QTo4GeqJzZtzf8l-4MFqyw
2266,ubfUY6lsLaQGmYIWyY1fIQ
2267,EHhJyIWT58mW73Tbn4CExA
2268,WeAJwq5da-IKfuRDGpbkTQ
2269,8eiaAW9Lj5lx7mQZzsVixw
2270,VFEh2XfQJMk_s1F8J49Qsw
2271,Vf_sCEJAK-HingFQsW60Jw
2272,_39TREKwQmT_efkNySSjdA
2273,Qa0Ypjkm8S4rUSKvF2DQFw
2274,1mCTYL4ifccwtI81clElTQ
2275,XT4cI0zbNgIDkoGQR0YGJw
2276,1W7Ph9MkmqaMv3FLhTNbMQ
2277,JPzsX3ZlblNlOgDJ47ncqg
2278,djrKsfnil29X_cBh5D6wtQ
2279,mcRgQTgr9Sn45CgXn0mDpw
2280,TJe1wdf7-bRyeJ6XRUycnQ
2281,0UtkglmPWtBU9vvmCUXHIg
2282,P1NUszYGPvrch09J6RwB1g
2283,NJ3xPyI45UpduwNnYjExOA
2284,7y-f14_XS4qAs_uOwLSBHA
2285,_Xi4DPheWAKs_2r7R0NjNw
2286,dHHjZ88FuC4ikMEaYtcOWA
2287,H8cJo3gmqklPouPY7gqAYw
2288,N9KzLR4onOKs8F_IsjBrpw
2289,atFuZ3zubni83n3t0NLWdg
2290,yqFSKkbYw1ZfPoxlc8OTqw
2291,n_1Pi9g3d-UkikPKfW88mg
2292,VcFoYl7WGKkJjsP6c7uggw
2293,yZUzQ6Qe9t_S1iieYF-oZg
2294,7ltjUlyNge5amqwdrc1ukA
2295,764IQyQWulJ13D3U1PCMYA
2296,dxby_5OUQ0u-5IuVN-zb2A
2297,RTSKsqGdPgQE7QWg2xzBIQ
2298,mS4mbzxk6LfRCD8QN2vjOw
2299,iUqv-TCwLt02EWoOiZs6VQ
2300,bTz7m8ohh1GQEv6czFxgfg
2301,5hmv6HzeF5RioYKEorg9VQ
2302,U4BCt-ueQTB0J3oKQC_C-g
2303,#NAME?
2304,OWDABncD49P1KADhajj2pw
2305,4C6uLN8JD_ObbchjJ2A0gA
2306,mPaue18AGQNjeoy2ggVHUg
2307,idHRcIvTBSmGFF1BWWUpSQ
2308,ElTuwZRHiOIjZRUp_8pV1A
2309,cuE_CI52AS5AGovoH_pIow
2310,SwzYZGzWTOzSWS9FnRC4Bg
2311,YpHxA0RV03k0kfH1iGwnSg
2312,mMtfQMDWgjPEd8JR0uHQ_A
2313,lKv-BzMoqaFYtEhrzQcI1w
2314,OKGMvy_p-zrGBCS5QLzUGA
2315,A1wglC62LKzmYQLY8kv7OA
2316,g1zA1akxSFeKGcHcCWpeLg
2317,dbXdRnVazP14aJ8HYn_uxw
2318,K7GmZaHnAK1Hn2UliqcP8w
2319,o0dnAro5Ogegllxvo4zyEw
2320,23T8g0bG1OKBEcpz43vHMw
2321,r8yerdfTgWu1cMaIzMrOQQ
2322,-94pBUfmLP_G3LXceKYWgA
2323,QmsfVkGEGDLksS1otz3_Xg
2324,x_6kHVcM2VdMOktP3iSpuw
2325,38-_sY2gJ7fHXtGJ5jnCBQ
2326,8tpr4Hh2OhD6tcfxkw9_Pw
2327,yc3n7vC1wHxM3T74JgX63w
2328,aehvM9CkiOlLIP0pJHeeCw
2329,HyNS3CFScIj4u4Vp5LcNUA
2330,5z3-lx6Vg1a_4Z0nIaNKHQ
2331,3dWbjgpUiE8lKfeW7azmVg
2332,XNFbv1Qyf9ZcWJ5Q6DNHBw
2333,EI6RKwyDcl4koKfIDPtgQQ
2334,lse486L4QVyhDqA0h-LJVg
2335,Uw8EdUw_s4tF26dg4-WUsw
2336,aQRkpQQRDVMb0FeQWbWJJA
2337,XDXHIKkqn81SdMdXEYIfdA
2338,PO5CtX5ZDiIKZshDr4Lcug
2339,4c4S6MBaQOxS-riXnrA7qA
2340,4K4X20xvoHctkznb6yX5Fg
2341,iR-_4xoYd-AlC_MZtNMGBw
2342,ajeYQw94pYYW6mOfP8NULg
2343,OgCezJsdYpZrNoBlADfk3g
2344,chZ9qJ3W8_aH9GtZf4SjZw
2345,NmG6rqLjdo6Ts8Sw4TC5Sw
2346,FbcSrbKx-CauHxccph2eIw
2347,iSfhW0XILEOnNbJhmuIAQQ
2348,XAP2a-MhnREKiE7zzp_0Qg
2349,nYaEDcgkrDJ7Ds0rzkQpxw
2350,BF9bK-L25xvJ9AwSTnbYTg
2351,-6TTt5EYfPjY2Ri0f9Z3zA
2352,6GdAAKn2BmcIL2w4XQm-fw
2353,brOCXo0kh5dyYlWloEhnxA
2354,-8gG0rdhSpHjoV_8-09wLg
2355,iMlkFsob_E-P9I2O-MZ5wQ
2356,iGANjN5VnbeBOIHmO9RwnA
2357,lI3xJul5DoJk2wUcIhFXuA
2358,_mLCW2N5CBu4Vwr0jzaq3g
2359,UhB9D-IOLRrHxT275MZymQ
2360,G1BpWkmPIqGJH1jpuMOVXw
2361,LBxvwFP25tmfTJmsZCNMjw
2362,F6Ptdc4zCzt5nqxe4Bfkag
2363,EAFbt6kS_Zz7FGZc4blBVg
2364,dkD6j6Ch6natq3Svh2jZaA
2365,bjtiutCZ9vEokPJmD8N8fw
2366,YrkckrdBME0YPhnasQ2S2w
2367,3Mhfie5D4xNmKVESRJEjEg
2368,vziNA7SE1cxkHb0DeS3gVA
2369,Whpd-AKdABhcsRfCigrHcw
2370,XESVMpEhsu3BBPAVMrtrQA
2371,fjfGkRM9nH2PRQlOA5JqDg
2372,vkuwGnbatf9ASyChw9_JhQ
2373,8r9tmpTDMVMXKSRcu3tJ3A
2374,Lp_c6cV3fjmIMHna-WWLgA
2375,JUqGC2Tye-UnT5BIAb3XGA
2376,EktwNBuvHV9BZMnHs59NRg
2377,XZgJBfTw2ilcG-VuEeoayA
2378,fevZ7kDt1IEFnOhAnZXg3w
2379,CDIj6KinFNYOb-CvI3CE7g
2380,K_0-DolUpHa-OgXR4BIrww
2381,2yA_zvq7w4pKYe6KdBsAQQ
2382,qdcX9Die_DQQOjZs8bM5JA
2383,Jmt5vP76Yu6cBjm7NatJ1g
2384,OFFqW9ksoVDn2XccBZ_BmQ
2385,7nMWy1oQqrDkQz9wF1tp9w
2386,QM5OwYPZRSzcD4NSyuPPFA
2387,IquP5WvolWgnWGY7nbEI1Q
2388,8DAoSgdzzhpjXJvDFcO1aA
2389,jb-wGmCKxuSH9mbQVKeKbg
2390,YCnCwVYbdkm5cSFkgbSIsw
2391,EWemRCSEyaAPeK8mDbNCaA
2392,9VoQk9RXBl2V-EtE5q9T6Q
2393,x6fQYPxli5RcvnAbTCPAVA
2394,vxi8JoxVfsw9B1GxbqdAmg
2395,EdXTtARCwjzIEOPEyNFZbQ
2396,Vdss8zVfSWDNZOTa2Fg8BA
2397,WYxxUfdRgOrFAs1mJdQEsg
2398,RJVk3hmzc3lOTddr1Ujdgw
2399,1sCsqzNUnEo7C-G6uTyw6g
2400,IWBqVrrEPTpFp3gTG9fc8A
2401,RC52Lt6WDzYo0zSbd1z2pQ
2402,TXvYe0d3FsWO6ivw8vzKiw
2403,aNq8SmGkiGCUcUq4nb8FIg
2404,uVempL7rgQccQCDr453dnA
2405,EaFJl1fTnlM5SMXVo9M0EA
2406,uPLadYXUMvBEl0COL0tl0w
2407,9y5fnh1UAfTfPdCgGG396Q
2408,i_oybgw4VJMED6eVHtfjpw
2409,wilnA-AD1fFD2WeMGAdKCQ
2410,QklbCID6hFjaaVsooiJQzw
2411,BIC6Abza8N8Efi6K7pvlvg
2412,8pD2j22E48XG2uLYVlTfEQ
2413,tcX-aWpISUQZgOA5eG3qYQ
2414,1gUPyz_n4028GGhgWOOjeg
2415,1yJD1aXmjLiPncXoAaN7sA
2416,3HfqYjb6SAHigZOh6T2BRw
2417,WWoJyzMLkn2y8j7IEhRt6w
